createdAt,updatedAt,id,externalId,source,title,subtitle,externalLink,state,types,isbn10,isbn13,releaseDate,originalReleaseDate,releaseYear,originalReleaseYear,placeOfPublication,description,remoteImageUrl,thumbnailRemoteImageUrl,externalAverageRating,userRating,pages,audiobookDuration,languages,purchaseDate,purchasePrice,purchaseCurrency,series,seriesNumber,location,bookcase,shelf,authors,narrators,illustrators,translators,publishers,categories,tags,readingStatus,startReading,endReading
2025-01-25,2026-06-18,C48313E0-D740-431A-BE59-9B573A2A8F83,ebIgtAEACAAJ,GOOGLE_BOOKS,Annihilation,,http://books.google.fr/books?id=ebIgtAEACAAJ&hl=&source=gbs_api,WISHLIST,EBOOK,2253183784,9782253183785,2017-09-20,,,,,"1. ""La Zone X, mystérieuse, mortelle. Et en expansion. Onze expéditions soldées par des suicides, meurtres, cancers foudroyants et troubles mentaux. Douzième expédition. Quatre femmes. Quatre scientifiques seules dans une nature sauvage. Leur but : ne pas se laisser contaminer, survivre et cartographier la Zone X."" --Page 4 de la couverture. -- 2. Cela fait maintenant trente années que l'on tente de percer les mystères de la Zone X, ceinturée par une frontière invisible, où tout signe de civilisation a disparu. Douze expéditions, toutes tragiquement inutiles, ont été supervisées par un organisme gouvernemental tellement secret qu'il en est quasi oublié : le Rempart Sud. Fraîchement nommé à sa tête, John Rodriguez, dit Control, hérite d'une équipe méfiante et désespérée, d'une masse de questions, de notes secrètes et d'heures d'enregistrement étrangement anxiogènes. Dans Autorité, les questions d'Annihilation trouvent des réponses. Loin d'être rassurantes...--Worldcat.",,,,,240,,fr,,,,Trilogie du Rempart Sud,,,,,"VanderMeer,Jeff",,,,LGF/Le Livre de Poche,,Weird fiction|||#8E8E93,reading,,
2025-01-30,2025-02-04,1B24A64B-6290-4486-AE25-463AE1BF374D,tsXAzQEACAAJ,GOOGLE_BOOKS,"Apprendre, si par bonheur...",,http://books.google.fr/books?id=tsXAzQEACAAJ&hl=&source=gbs_api,NOT_OWNED,EBOOK,,9791036000454,2020-01-01,,,,,"« Nous n'avons rien trouvé que vous pourrez vendre. Nous n'avons rien trouvé d'utile. Nous n'avons trouvé aucune planète qu'on puisse coloniser facilement ou sans dilemme moral, si c'est un but important. Nous n'avons rien satisfait que la curiosité, rien gagné que du savoir. » Un groupe de quatre astronautes partis explorer des planètes susceptibles d'abriter la vie : hommes et femmes, trans, asexuels, fragiles, déterminés, ouverts et humains, ils représentent la Terre dans sa complexité. Le nouveau roman du sommet actuel de la SF positive. Becky Chambers, après les trois volumes du cycle des « Voyageurs » (prix Hugo de la meilleure série en 2019), nous livre une méditation tendre et joyeuse sur l'appel de l'espace, le but ultime de la science et, au bout du compte, sur l'étincelle de vie qui nous anime tous. « Écrire de la SF positive, c'est regarder les injustices dans les yeux et continuer de croire qu'on va les vaincre. » Élisa Thévenet, Le Monde.",,,,,140,,fr,,,,,,,,,"Chambers,Becky",,,,L' Atalante Editions,Science Fiction,Inclusif|||#DB34F2;Planet Opera|||#8E8E93;Utopie|||#6D7CFF,dnf,2025-02-04,
2025-03-19,2025-03-19,838BECB0-2100-42EC-960F-123133B0AE45,60658821,GOODREADS,Arrêtez d'oublier ce que vous lisez !,,https://www.goodreads.com/book/show/60658821-arr-tez-d-oublier-ce-que-vous-lisez,NOT_OWNED,EBOOK,2416006800,9782416006807,2022-03-24,,,,,"Prendre des notes ça prend du temps, mais ne pas en prendre c'est perdre son temps !

Vous lisez beaucoup, mais vous avez l'impression de tout oublier ? La prise de notes est frustrante et vous ne retrouvez jamais ce que vous cherchez ? Vous perdez un temps fou en recherches pour créer des contenus ?

Et si un second cerveau numérique pouvait vous aider ?

Eliott Meunier propose une méthode de gestion des connaissances personnelles, en 6 étapes, qui vous permet de :

sélectionner automatiquement les meilleurs contenus ;
stocker vos connaissances actuelles et futures ;
retrouver en 30 secondes vos notes d'il y a 8 mois ;
maîtriser en profondeur un domaine (et en devenir expert) ;
faire émerger des idées innovantes.
Après la lecture de ce livre, la manière dont vous apprenez, dont vous travaillez et dont vous pensez sera à jamais transformée.",https://i.gr-assets.com/images/S/compressed.photo.goodreads.com/books/1647839037l/60658821._SX98_.jpg,https://i.gr-assets.com/images/S/compressed.photo.goodreads.com/books/1647839037l/60658821._SX98_.jpg,3.59,,216,,,,,,,,,,,"Meunier,Eliott",,,,Eyrolles,,,reading,2025-03-19,
2025-01-25,2025-01-25,EA2240BA-E75E-4E85-B8F0-8C1F9D5B09BE,WSG3tAEACAAJ,GOOGLE_BOOKS,Autorité,,http://books.google.fr/books?id=WSG3tAEACAAJ&hl=&source=gbs_api,WISHLIST,EBOOK,,9791030701173,2017-10-05,,,,,"1. ""La Zone X, mystérieuse, mortelle. Et en expansion. Onze expéditions soldées par des suicides, meurtres, cancers foudroyants et troubles mentaux. Douzième expédition. Quatre femmes. Quatre scientifiques seules dans une nature sauvage. Leur but : ne pas se laisser contaminer, survivre et cartographier la Zone X."" --Page 4 de la couverture. -- 2. Cela fait maintenant trente années que l'on tente de percer les mystères de la Zone X, ceinturée par une frontière invisible, où tout signe de civilisation a disparu. Douze expéditions, toutes tragiquement inutiles, ont été supervisées par un organisme gouvernemental tellement secret qu'il en est quasi oublié : le Rempart Sud. Fraîchement nommé à sa tête, John Rodriguez, dit Control, hérite d'une équipe méfiante et désespérée, d'une masse de questions, de notes secrètes et d'heures d'enregistrement étrangement anxiogènes. Dans Autorité, les questions d'Annihilation trouvent des réponses. Loin d'être rassurantes...--Worldcat.",,,,,392,,fr,,,,Trilogie du Rempart Sud,,,,,"VanderMeer,Jeff",,,,Au diable Vauvert,Science Fiction,Weird fiction|||#8E8E93,unread,,
2024-10-15,2024-10-15,3BE0C914-C732-4446-82A8-08343C738825,7kGxDwAAQBAJ,GOOGLE_BOOKS,Batman - Année un,,http://books.google.fr/books?id=7kGxDwAAQBAJ&hl=&source=gbs_api,BOOKSHELF,HARDCOVER,,9791026831358,,,,,,"Quand il avait six ans, Bruce Wayne a vu ses parents se faire assassiner sous ses yeux. Après un entrainement intensif, il revient à Gotham City pour mener une guerre sans merci contre le crime... mais ce ne sera pas facile. Face à la corruption des autorités de la ville et leurs liens avec la pègre, Bruce, sous le déguisement du vigilant Batman, va forger une alliance avec un policier nouveau venu à Gotham : le lieutenant James Gordon.(Contient Batman #404-407)",http://books.google.com/books/publisher/content?id=7kGxDwAAQBAJ&printsec=frontcover&img=1&zoom=1&imgtk=AFLRE73TbBtHbpcNeeE8BBoQR3US3Pgh6Sd_yY9spVGCTG3Tr25vQgztkE0liorwLBTBMauMhioBb3VhpqANQzTH_CNRLQ5mOJdBwOuYivQ1CBcWIIhpkUVyygvG6AoYOqVE18hROx2N&fife=w1000-h1000,http://books.google.com/books/publisher/content?id=7kGxDwAAQBAJ&printsec=frontcover&img=1&zoom=1&imgtk=AFLRE73TbBtHbpcNeeE8BBoQR3US3Pgh6Sd_yY9spVGCTG3Tr25vQgztkE0liorwLBTBMauMhioBb3VhpqANQzTH_CNRLQ5mOJdBwOuYivQ1CBcWIIhpkUVyygvG6AoYOqVE18hROx2N&fife=w1000-h1000,,,108,,fr,,,,Batman,,,,,"Brubaker,Ed;Miller,Frank",,,,Urban Comics,Comics & Graphic Novels;Superheroes,,to-read,,
2024-10-15,2024-10-15,299F574B-B0B5-46E5-85A3-D36DDB267423,suGmzwEACAAJ,GOOGLE_BOOKS,Binti Tome 1,,http://books.google.fr/books?id=suGmzwEACAAJ&hl=&source=gbs_api,WISHLIST,EBOOK,2253107085,9782253107088,2022-01-01,,,,,"Maîtresse harmonisatrice du peuple Himba, Binti est vouée à reprendre la boutique d'astrolabes de son père... Mais l'incroyable don pour les mathématiques de l'adolescente lui ouvre les portes de la prestigieuse université interplanétaire Oomza. Binti embarque sur le Troisième Poisson à l'insu de sa famille. Mais au cours du trajet, les Méduses, ennemies millénaires des humains, abordent le vaisseau pour en massacrer les passagers. Commence alors pour Binti un combat pour sa survie et celle de ceux qui lui sont chers.Après son roman postapo coup de poing Qui a peur de la mort ?, Nnedi Okorafor revient avec Binti, qui a remporté le prix Hugo et le prix Nebula de la meilleure novella.Un roman initiatique servi par une magnifique écriture. Un petit bijou ! Coup de cœur des libraires, la Fnac.Nnedi Okorafor conjugue l'afroféminisme au futur et brosse le portrait d'héroïnes africaines complexes, loin des stéréotypes. Jeune Afrique.",,,,,317,,fr,,,,Binti ,,,,,"Okorafor,Nnedi",,,,LGF/Le Livre de Poche,Science Fiction,Afrofuturisme|||#FF4245,unread,,
2024-10-15,2024-10-15,BBA9A837-1EF8-42CA-B1EB-5E50DF55B0C5,JbOGAQAAQBAJ,GOOGLE_BOOKS,Black Man,,http://books.google.fr/books?id=JbOGAQAAQBAJ&hl=&source=gbs_api,WISHLIST,EBOOK,2820503292,9782820503299,2018-10-17,,,,,"Dans un siècle à peine, l'humanité sera débarrassée de la guerre. Mais des vestiges embarrassants subsistent encore, comme les variantes, des humains génétiquement modifiés. Parmi eux, les plus inquiétants sont les variantes treize. Cari Marsalis est l'un de ces ex-soldats. Il pourchasse désormais ses anciens frères d'armes pour le compte des Nations unies. Ce n'est pas un boulot facile... surtout quant il se retrouve dans une prison de Floride. Lorsqu'il reçoit la visite d'une ancienne détective aux prises avec les variante treize, Cari est alors plus que disposé à conclure un accord...
",http://books.google.com/books/publisher/content?id=JbOGAQAAQBAJ&printsec=frontcover&img=1&zoom=1&imgtk=AFLRE70ILr-oaM2pegDkygQIPkbGnquEwY3H_F8MXzAeb_ByO4t-3wZyigPZxs216C7ePppb8EFy1pKZydtLGLtGFJ4guWnPZVOHNM4wfq9t6ePolRPdOPgpIG18PTM47JfLLoy-S0Ge&fife=w1000-h1000,http://books.google.com/books/publisher/content?id=JbOGAQAAQBAJ&printsec=frontcover&img=1&zoom=1&imgtk=AFLRE70ILr-oaM2pegDkygQIPkbGnquEwY3H_F8MXzAeb_ByO4t-3wZyigPZxs216C7ePppb8EFy1pKZydtLGLtGFJ4guWnPZVOHNM4wfq9t6ePolRPdOPgpIG18PTM47JfLLoy-S0Ge&fife=w1000-h1000,,,768,,fr,,,,,,,,,"Morgan,Richard;Perdereau,Cédric;Rossbach,Jean-Sébastien",,,,Bragelonne,Science Fiction,,unread,,
2024-10-15,2024-12-04,83571D46-01A1-4DF3-876D-39948D2DDB62,YC4tDwAAQBAJ,GOOGLE_BOOKS,Blade Runner,Les androïdes rêvent-ils de moutons électriques ?,http://books.google.fr/books?id=YC4tDwAAQBAJ&hl=&source=gbs_api,NOT_OWNED,EBOOK,2290157287,9782290157282,,,,,,"Le mouton n’était pas mal, avec sa laine et ses bêlements plus vrais que nature – les voisins n’y ont vu que du feu. Mais il arrive en fin de carrière : ses circuits fatigués ne maintiendront plus longtemps l’illusion de la vie. Il va falloir le remplacer. Pas par un autre simulacre, non, par un véritable animal. Deckard en rêve, seulement ce n’est pas avec les maigres primes que lui rapporte la chasse aux androïdes qu’il parviendra à mettre assez de côté. Holden, c’est lui qui récupère toujours les boulots les plus lucratifs – normal, c’est le meilleur. Mais ce coup-ci, ça n’a pas suffi. Face aux Nexus-6 de dernière génération, même Holden s’est fait avoir. Alors, quand on propose à Deckard de reprendre la mission, il serre les dents et signe. De toute façon, qu’a-t-il à perdre ?",http://books.google.com/books/publisher/content?id=YC4tDwAAQBAJ&printsec=frontcover&img=1&zoom=1&imgtk=AFLRE71Ovkgw7A18LMsNoTMLJ0TW1z2rULGj4-9MkbDGka5MCTiFveWfDnnpAYqgbxV1PS1ZmA8w-SLJcwRkF6mLIBURcwppHEnn99y3DvN2kZ8Ff3siEdcO2x5-uQlLcdYwdrxf6dNb&fife=w1000-h1000,http://books.google.com/books/publisher/content?id=YC4tDwAAQBAJ&printsec=frontcover&img=1&zoom=1&imgtk=AFLRE71Ovkgw7A18LMsNoTMLJ0TW1z2rULGj4-9MkbDGka5MCTiFveWfDnnpAYqgbxV1PS1ZmA8w-SLJcwRkF6mLIBURcwppHEnn99y3DvN2kZ8Ff3siEdcO2x5-uQlLcdYwdrxf6dNb&fife=w1000-h1000,,3.449720244167903,273,,fr,,,,,,,,,"Dick,Philip K.",,,,J'ai Lu,Science Fiction,Cyberpunk|||#DB34F2,read,2024-11-20,2024-11-27
2024-10-15,2024-11-20,434FA673-C82C-4765-B60C-A898EBF6C95D,rpcYGQAACAAJ,GOOGLE_BOOKS,Câblé,,http://books.google.fr/books?id=rpcYGQAACAAJ&hl=&source=gbs_api,BOOKSHELF,PAPERBACK,220724931X,9782207249314,1999-01-01,,,,,"Etes-vous câblé? Comme Cow-boy, l'ancien pilote de chasse aux yeux sensibles aux infrarouges; comme Sara toujours prête à se débarrasser de ses ennemis en utilisant le cybercobra lové dans sa gorge; comme Reno, décédé mais toujours vivant dans l'Interface? Si ce n'est pas le cas, comment espérez-vous survivre à la menace que représentent les orbitaux? Le cycle de Câblé - deux romans, deux longues nouvelles, réunis ici sous le titre Câblé + - est l'une des œuvres majeures du cyberpunk, un western orbital et informatique dénué de temps morts, écrit quinze ans avant la trilogie Matrix.",,,,2.8631280653969533,371,,fr,2024-10-24,0,,,,,,,"Williams,Walter Jon",,,,Editions Denoël,Science Fiction,Cyberpunk|||#DB34F2,read,2024-11-01,2024-11-19
2024-12-27,2024-12-27,2980B3B9-FA83-4EC6-BB5D-ED0E92596551,k3ZdEAAAQBAJ,GOOGLE_BOOKS,Comment j'ai tué ma famille,,http://books.google.fr/books?id=k3ZdEAAAQBAJ&hl=&source=gbs_api,WISHLIST,EBOOK,2702450512,9782702450512,2022-03-16,,,,,"1. Tuer ma famille
2. Réclamer leur héritage
3. M’en sortir
4. Adopter un chien

Telle est la liste des priorités de Grace Bernard, anglaise, vingt-huit ans, des Louboutin aux pieds. Sauf que, en ce moment et à son grand regret, elle arbore plutôt l’uniforme terne et plastique de la prison de Limehouse. Comme quoi, planifier l’assassinat de chacun des membres de sa famille dès le tendre âge de treize ans n’est pas toujours gage de réussite. Et franchement, se voir condamner pour un meurtre que l’on n’a pas commis lorsqu’on en a mené à bien six autres, cela manque un peu de panache. Mais pas question pour Grace de se coltiner sa pénible compagne de cellule jusqu’à la fin des temps : elle compte bien l’emporter en appel et, d’ici là, quelle meilleure manière de s’occuper que de coucher son histoire sur le papier ? Même si, bien sûr, personne ne la lira. Rappelez-vous les points 2 à 4.

Avec ce premier thriller pétri d’humour noir, Bella Mackie dresse le portrait d’une génération luttant, à sa manière, contre les injustices qui lui sont faites. Un récit jubilatoire, et surtout, une
lecture inoubliable.

Traduit de l’anglais (Royaume-Uni) par Marie Chivot-Buhler",http://books.google.com/books/publisher/content?id=k3ZdEAAAQBAJ&printsec=frontcover&img=1&zoom=1&imgtk=AFLRE71iwSkvwpfT3LnpL_gY7xqxhAAhA4zabpMqPXDe6EM7muxsc-zOQAydJ0CyORKMLliZhxVanwgy7PeGfW72qF9k-8k8jkH6pnQ2FOZXDWIE_0iS9aE60mdcsCIq7XFPP3Coeub5&fife=w1000-h1000,http://books.google.com/books/publisher/content?id=k3ZdEAAAQBAJ&printsec=frontcover&img=1&zoom=1&imgtk=AFLRE71iwSkvwpfT3LnpL_gY7xqxhAAhA4zabpMqPXDe6EM7muxsc-zOQAydJ0CyORKMLliZhxVanwgy7PeGfW72qF9k-8k8jkH6pnQ2FOZXDWIE_0iS9aE60mdcsCIq7XFPP3Coeub5&fife=w1000-h1000,,,384,,fr,,,,,,,,,"Mackie,Bella",,,,Le Masque,Crime;Fiction;General;Thrillers,,unread,,
2024-10-15,2024-10-16,3533C6B5-5684-45F1-A466-CF8E87515CD7,kJVBEAAAQBAJ,GOOGLE_BOOKS,Comte zéro,,http://books.google.fr/books?id=kJVBEAAAQBAJ&hl=&source=gbs_api,WISHLIST,EBOOK,,9791030704969,2021-10-07,,,,,"« INTERRUPTION DU COMPTE À ZÉRO – SUR ORDRE D’INTERRUPTION, ABAISSER LE COMPTEUR À ZÉRO. » Turner est le meilleur dans sa partie, les opérations d’exfiltration. Le dernier casse informatique de Bobby, jeune et intrépide hacker new-yorkais surnommé Comte Zéro, a mal tourné et le système qu’il croyait pirater est en train de le tuer. Après Neuromancien, William Gibson poursuit ici son exploration du cyberespace et des étendues urbaines. Sur Neuromancien « La Bible du Cyberpunk. » France Inter « Coup de génie de Gibson. » Actualitté « Plus clair, plus dynamique et (étonnamment) plus intemporel, ce polar dystopique s’affirme non plus “juste” comme une lecture indispensable mais aussi comme un pur et jouissif shoot de visions matricielles du futur ! » Midi Libre « Un livre comme un trip visionnaire, dans une société éclatée par le capitalisme et des technologies qui envahissent corps et esprits. » L’Humanité",http://books.google.com/books/publisher/content?id=kJVBEAAAQBAJ&printsec=frontcover&img=1&zoom=1&imgtk=AFLRE7321f3wkpNHj-64HitNji_jzsE5Vgn0CaShsrLcBla01mIPygoNyY9zKhgcLr0Na5VCqrmEJgaXQozzUZj5V_532ki-82YefoS8UxGUVALCdvwMnvx6YCWahdkI7bAn_ouX9DU5&fife=w1000-h1000,http://books.google.com/books/publisher/content?id=kJVBEAAAQBAJ&printsec=frontcover&img=1&zoom=1&imgtk=AFLRE7321f3wkpNHj-64HitNji_jzsE5Vgn0CaShsrLcBla01mIPygoNyY9zKhgcLr0Na5VCqrmEJgaXQozzUZj5V_532ki-82YefoS8UxGUVALCdvwMnvx6YCWahdkI7bAn_ouX9DU5&fife=w1000-h1000,,,292,,fr,,,,Trilogie de la Conurb,2,,,,"GIBSON,William",,,,Au diable vauvert,Dystopian;Science Fiction,Cyberpunk|||#DB34F2,unread,,
2024-10-17,2024-10-17,82510AB4-226C-4D76-BFA8-B97C96F098AC,xE6gGQAACAAJ,GOOGLE_BOOKS,Cosa nostra,l'histoire de la mafia sicilienne,http://books.google.fr/books?id=xE6gGQAACAAJ&hl=&source=gbs_api,WISHLIST,EBOOK,2283021871,9782283021873,2007-01-01,,,,,"Le 11 avril 2006, au lendemain de la victoire électorale de Romano Prodi, l'Italie apprend la stupéfiante nouvelle : Bernardo Provenzano dit "" Le Tracteur "", en cavale depuis quarante-trois ans, vient d'être fait prisonnier dans une bergerie décrépite non loin du village de son enfance. La date de l'arrestation du chef de Cosa Nostra, parrain de la mafia sicilienne, parrain des parrains, n'est pourtant pas due au hasard : Silvio Berlusconi n'avait jamais dissimulé son antipathie pour les juges de Palerme. Nul ne peut dire aujourd'hui à quel point cette matinée du 11 avril 2006 sera significative dans l'histoire de Cosa Nostra, mais déjà de nombreux observateurs s'interrogent sur le moment choisi par l'Etat italien pour répondre à l'organisation criminelle la plus secrète, la plus violente et la plus célèbre du monde. La question des liens entre l'Etat italien et la Mafia, celle du laxisme des gouvernements successifs, voire de la collusion de nombre de leurs représentants avec une criminalité aussi cruelle et aussi lucrative depuis cent cinquante ans, est précisément au centre de cette première histoire complète de la mafia sicilienne. Du code des premiers "" hommes d'honneur "" au XIXe siècle dans les champs de citronniers de la Sicile à ce matin d'avril 2006, John Dickie nous révèle les mystères des initiations cachées et immuables, le trafic de l'héroïne, l'ascension sanglante de la célèbre famille de Corleone et la naissance de la mafia américaine. Il nous raconte l'omerta trahie par les mafieux repentis comme Tommaso Buscetta, le maxi-procès de 1987, l'assassinat brutal en 1992 de Giovanni Falcone, figure de proue du pôle antimafia italien, qui indigna l'Italie ; et toujours cette violence des rafales de mitraillette en pleine rue, ces meurtres dans l'obscurité, ces corps dissous dans l'acide, jetés à la mer ou découpés et donnés aux cochons... Pour la première fois, Cosa Nostra : l'histoire de la mafia sicilienne de 1860 à nos jours - livre stupéfiant et captivant - nous mène au cœur d'une société ultrasecrète dont l'unique objet est, depuis ses origines jusqu'à aujourd'hui, de rechercher le pouvoir et l'argent en cultivant l'art d'assassiner et d'échapper à la justice.",,,,,496,,fr,,,,,,,,,"Dickie,John",,,,Buchet Chastel,Documentaire,Mafia|||#8E8E93,unread,,
2024-12-27,2024-12-27,AC270C43-44C1-449E-9115-30E6A2FEA2BA,2s4iEAAAQBAJ,GOOGLE_BOOKS,Cyberpunk 2077 : Trauma Team,,http://books.google.fr/books?id=2s4iEAAAQBAJ&hl=&source=gbs_api,BOOKSHELF,PAPERBACK,2809499624,9782809499629,2021-03-24,,,,,"Nadia est médecin pour une société privée du nom de Trauma Team International. Elle est l'unique survivante d'une mission de sauvetage qui a fini par une fusillade. Bien que traumatisée, elle décide de reprendre son dangereux travail. Mais la malchance semble s'acharner sur elle. Au cours d'une nouvelle mission, elle se retrouve en effet à l'intérieur d'un gratte-ciel rempli d'ennemis. Avec une équipe qu'elle ne connaît pas encore, elle devra tout faire pour sauver le client... et survivre. Une incroyable aventure inédite se déroulant dans le monde de Cyberpunk 2077, le jeu vidéo développé par CD Projekt Red, le studio à l'origine des jeux The Witcher. Cullen Bunn (Deadpool) officie au scénario, accompagné par l'étoile montante Miguel Valderrama (Giants) au dessin.",http://books.google.com/books/publisher/content?id=2s4iEAAAQBAJ&printsec=frontcover&img=1&zoom=1&imgtk=AFLRE73Kn8IUJDhLmp9ttKvmNHMrecCFL-3vJkLonHCEJEYOR8OCZUycACZHZK34Tz-sx3_hXY95UTV4Qo_rGMdtdKDaz8ydxCzb56I6dWxzlKysHh4ucyF6Ntai7m3Ous9_O_2SpDWf&fife=w1000-h1000,http://books.google.com/books/publisher/content?id=2s4iEAAAQBAJ&printsec=frontcover&img=1&zoom=1&imgtk=AFLRE73Kn8IUJDhLmp9ttKvmNHMrecCFL-3vJkLonHCEJEYOR8OCZUycACZHZK34Tz-sx3_hXY95UTV4Qo_rGMdtdKDaz8ydxCzb56I6dWxzlKysHh4ucyF6Ntai7m3Ous9_O_2SpDWf&fife=w1000-h1000,,,96,,fr,2024-12-25,0,,Cyberpunk,,,,,"Bunn,Cullen;Valderrama,Miguel",,,,Panini,Comics & Graphic Novels;General;US Comic Imports,Cyberpunk|||#DB34F2,to-read,,
2024-10-15,2024-10-15,A8CF6476-812F-4429-86BC-559710DF6F9B,G7utDwAAQBAJ,GOOGLE_BOOKS,Dans la toile du temps,,http://books.google.fr/books?id=G7utDwAAQBAJ&hl=&source=gbs_api,WISHLIST,EBOOK,2072853311,9782072853319,,,,,,"La Terre est au plus mal... Ses derniers habitants n’ont plus qu’un seul espoir : coloniser le ""Monde de Kern"", une planète lointaine, spécialement terraformée pour l’espèce humaine. Mais sur ce ""monde vert"" paradisiaque, tout ne s’est pas déroulé comme les scientifiques s’y attendaient. Une autre espèce que celle qui était prévue, aidée par un nanovirus, s’est parfaitement adaptée à ce nouvel environnement et elle n’a pas du tout l’intention de laisser sa place. Le choc de deux civilisations aussi différentes que possible semble inévitable. Qui seront donc les héritiers de l’ancienne Terre ? Qui sortira vainqueur du piège tendu par la toile du temps ? Premier roman de l’auteur paru en France, Dans la toile du temps s’inscrit dans la lignée du cycle Élévation de David Brin. Il nous fait découvrir l’évolution d’une civilisation radicalement autre et sa confrontation inévitable avec l’espèce humaine. Le roman a reçu le prix Arthur C. Clarke en 2016",http://books.google.com/books/publisher/content?id=G7utDwAAQBAJ&printsec=frontcover&img=1&zoom=1&imgtk=AFLRE73y44eG6rRJRvEgG4SiphiN3T2coEeXnrge2xfP77C5tdMH2BGjCE62iGO4K3JaqIQSSDLClFUOcBYp2cTM4mLNXsd3QH7OzOh6JMx53qnLpFArBtrsaVUujeOjaM21xbxkzLYH&fife=w1000-h1000,http://books.google.com/books/publisher/content?id=G7utDwAAQBAJ&printsec=frontcover&img=1&zoom=1&imgtk=AFLRE73y44eG6rRJRvEgG4SiphiN3T2coEeXnrge2xfP77C5tdMH2BGjCE62iGO4K3JaqIQSSDLClFUOcBYp2cTM4mLNXsd3QH7OzOh6JMx53qnLpFArBtrsaVUujeOjaM21xbxkzLYH&fife=w1000-h1000,,,704,,fr,,,,,,,,,"Tchaikovsky,Adrian",,,,Editions Gallimard,Science Fiction,Space Opéra|||#0091FF,unread,,
2024-12-27,2025-08-21,4C78F4D4-F59F-4926-9888-5A4334FC7E53,6FMHzgEACAAJ,GOOGLE_BOOKS,Dune #01 Éd. Collector,,http://books.google.fr/books?id=6FMHzgEACAAJ&hl=&source=gbs_api,BOOKSHELF,HARDCOVER,2221249488,9782221249482,,,,,,"« Voici l'épopée prodigieuse de Paul Atréides, seigneur d'Arrakis, connu comme prophète sous le nom de Muad'Dib, Empereur, messie de Dune. Avec la saga Dune, Frank Herbert a brossé une immense fresque, digne, par l'intensité dramatique, le foisonnement des personnages, la précision des détails, des grands chefs d'oeuvre du roman historique classique. On y perçoit aussi le bruit et la fureur des drames shakespeariens. Mais cette fresque ne se situe pas dans le passé. Elle se déploie dans l'avenir. Un avenir éloigné dans le temps et proche par les passions, où les hommes naviguent entre les étoiles et peuplent un milliard de mondes. Entre ces mondes, Dune, planète désertique où l'eau est plus précieuse que l'or, et pour laquelle se battent les deux grandes familles des Atréides et des Harkonnen. Car Dune produit l'Épice, drogue miracle, source de longévité et de prescience. »--",http://books.google.com/books/content?id=6FMHzgEACAAJ&printsec=frontcover&img=1&zoom=1&imgtk=AFLRE73jQFDcZshveDutet39A8vEiMXdcXIeGS_pzQ_hKP7UaqigGNqAeTJ0grFHww97r-0fNMJOL9_1yuhyKBiQOyg_5uobumpdMU5b1_g1DzGP8tJPUBOym2ErVEjxYz950ob8EnsH&fife=w1000-h1000,http://books.google.com/books/content?id=6FMHzgEACAAJ&printsec=frontcover&img=1&zoom=1&imgtk=AFLRE73jQFDcZshveDutet39A8vEiMXdcXIeGS_pzQ_hKP7UaqigGNqAeTJ0grFHww97r-0fNMJOL9_1yuhyKBiQOyg_5uobumpdMU5b1_g1DzGP8tJPUBOym2ErVEjxYz950ob8EnsH&fife=w1000-h1000,,4.162010746961199,728,,fr,2024-12-25,0,,Dune,,,,,"Herbert,Frank",,,,Robert Laffont,Science Fiction,Planet Opera|||#8E8E93,read,2025-07-14,2025-08-21
2024-10-15,2024-10-15,044849FE-B9A3-4288-9D6D-812725AECFAA,fO5vCwAAQBAJ,GOOGLE_BOOKS,Extra pure. Voyage dans l'économie de la cocaïne,,http://books.google.fr/books?id=fO5vCwAAQBAJ&hl=&source=gbs_api,BOOKSHELF,AUDIOBOOK,2072648076,9782072648076,,,,,,"""Se plonger dans les histoires de drogue est l'unique point de vue qui m'ait permis de comprendre vraiment les choses. Observer les faiblesses humaines, la physiologie du pouvoir, la fragilité des relations, l'inconsistance des liens, la force colossale de l'argent et de la férocité. L'impuissance absolue de tous les enseignements mettant en valeur la beauté et la justice, ceux dont je me suis nourri. Je me suis aperçu que la coke était l'axe autour duquel tout tournait. La blessure avait un seul nom. Cocaïne. La carte du monde était certes dessinée par le pétrole, le noir, celui dont nous sommes habitués à parler, mais aussi par le pétrole blanc, comme l'appellent les parrains nigérians. La carte du monde est tracée par le carburant, celui des mœurs et des corps. Le pétrole est le carburant des moteurs, la coke celui des corps."" Après Gomorra, Roberto Saviano poursuit son travail d'enquête et de réflexion sur le crime organisé. Mais, cette fois, il sort du cadre italien pour penser à l'échelle mondiale. D'où le crime tire-t-il sa force ? Comment l'économie mondiale a-t-elle surmonté la crise financière de 2008 ? Une seule et même réponse : grâce à l'argent de la cocaïne, le pétrole blanc. Pour le comprendre, Extra pure nous convie à un voyage du Mexique à la Russie, de la Colombie au Nigeria, en passant par les États-Unis, l'Espagne, la France et, bien sûr, l'Italie de la 'ndrangheta calabraise. Au fil de cette exploration, l'auteur raconte avec une puissance épique inégalée ce que sont les clans criminels partout dans le monde. Et il va plus loin encore, car c'est tout le fonctionnement de l'économie qu'il démonte impitoyablement. Extra pure n'est ni une enquête ni un essai, ni un roman ni un récit autobiographique, mais tout cela à la fois et bien plus encore. Pour Roberto Saviano, c'est aussi l'occasion de s'ouvrir, de se confier, d'évoquer avec gravité et sincérité le danger et la solitude, le désir de mener une vie comme celle des autres et la détermination à poursuivre son combat. Prix LiRE : Meilleure enquête 2014",http://books.google.com/books/publisher/content?id=fO5vCwAAQBAJ&printsec=frontcover&img=1&zoom=1&imgtk=AFLRE715ponpo3_ROYucHzVYgu-MmKZtZ5fq9eCmbHLcwliYZEkRz0-Bu2N2_EuxYo86di9ooGHdkhDz6zjo9tkI9AT3i6aC-LDpkypU5zZftGCrxHF88WFIdFRPyXKxu_x06rVGr3AB&fife=w1000-h1000,http://books.google.com/books/publisher/content?id=fO5vCwAAQBAJ&printsec=frontcover&img=1&zoom=1&imgtk=AFLRE715ponpo3_ROYucHzVYgu-MmKZtZ5fq9eCmbHLcwliYZEkRz0-Bu2N2_EuxYo86di9ooGHdkhDz6zjo9tkI9AT3i6aC-LDpkypU5zZftGCrxHF88WFIdFRPyXKxu_x06rVGr3AB&fife=w1000-h1000,,,544,,fr,,,,,,,,,"Saviano,Roberto",,,,Editions Gallimard,General;Organized Crime;Political Science;Social Science;Sociology;True Crime,Mafia|||#8E8E93,read,2023-08-15,2023-10-15
2024-10-16,2025-01-27,7C2F1FFE-C082-4581-868D-5D4FC7A4ABD5,P5jWEAAAQBAJ,GOOGLE_BOOKS,Fahrenheit 451 (édition Collector),,http://books.google.fr/books?id=P5jWEAAAQBAJ&hl=&source=gbs_api,NOT_OWNED,EBOOK,2207178595,9782207178591,,,,,,"Montag est un pompier du futur d'un genre particulier : il brûle les livres. Jusqu'au jour où il se met à en lire, refuse le bonheur obligatoire et rêve d'un monde perdu où la littérature et l'imaginaire ne seraient pas bannis. Devenant du coup un dangereux criminel...",http://books.google.com/books/publisher/content?id=P5jWEAAAQBAJ&printsec=frontcover&img=1&zoom=1&imgtk=AFLRE70DwHv4j_RfT0zeicgFb2To5550oJd3f7MZ_Kc2GRe6BFjk36SC6fiOGvgCyBbVsnRbu056k37JXlXkz8kMQap6N68kDZqRkwO5190EAXMcqs4z2pFMtqugt70AwnFyQh5QYGe5&fife=w1000-h1000,http://books.google.com/books/publisher/content?id=P5jWEAAAQBAJ&printsec=frontcover&img=1&zoom=1&imgtk=AFLRE70DwHv4j_RfT0zeicgFb2To5550oJd3f7MZ_Kc2GRe6BFjk36SC6fiOGvgCyBbVsnRbu056k37JXlXkz8kMQap6N68kDZqRkwO5190EAXMcqs4z2pFMtqugt70AwnFyQh5QYGe5&fife=w1000-h1000,,2.55586570867613,240,,fr,,,,,,,,,"Bradbury,Ray",,,,Denoël,Dystopian;Fiction,Société contrôlée|||#FF375F;Totalitarisme|||#00DAC3,read,2025-01-22,2025-01-27
2024-10-10,2024-10-13,026EDFE2-47D3-4BC8-8F2D-E738FBACDA5D,4557041,GOODREADS,Gomorra: Dans l'empire de la camorra,,https://www.goodreads.com/book/show/4557041-gomorra,BOOKSHELF,AUDIOBOOK,2070782891,9782070782895,2007-01-01,,,,,"The basis of the Sundance TV series Gomorrah 
A New York Times Notable Book of the Year 


A groundbreaking, unprecedented bestseller in Italy, Roberto Saviano's insider account traces the decline of the city of Naples under the rule of the Camorra, an organized crime network more powerful and violent than the Mafia. The Camorra is an elaborate, international system dealing in drugs, high fashion, construction, and toxic waste, and its influence has entirely transformed life in Campania, the province surrounding Naples.

Since seeing his first murder victim, at thirteen, Roberto Saviano has watched the changes in his home city. For Gomorrah, he disappeared into the Camorra and witnessed up close the drug cartel's audacious, sophisticated, and far-reaching corruption that has paralyzed his home city and introduced the world to a new breed of organized crime.",https://i.gr-assets.com/images/S/compressed.photo.goodreads.com/books/1337085262l/4557041._SX98_.jpg,https://i.gr-assets.com/images/S/compressed.photo.goodreads.com/books/1337085262l/4557041._SX98_.jpg,3.79,4.0,368,,fr,,,,,,,,,"Saviano,Roberto",,,,Gallimard,Documentaire,Mafia|||#8E8E93,read,2023-10-10,2023-10-10
2025-01-26,2025-01-26,C4873478-BBA6-4135-BBEB-CF9D773B099D,GK3HoQEACAAJ,GOOGLE_BOOKS,Hypérion (1),,http://books.google.fr/books?id=GK3HoQEACAAJ&hl=&source=gbs_api,WISHLIST,PAPERBACK,2266252585,9782266252584,2014-09-11,,,,,"L'éveil d'Endymion : Suite à son kidnapping, Enée a passé quatre ans sur la Terre. Pour le moment, ses adversaires sont neutralisés : le père de Soya exerce son ministère sur le monde désertique de Madre de Dios ; Némès, la chose vivante, est restée fondue dans une roche du Bosquet de Dieu. Mais la Pax lance une nouvelle croisade : la solution définitive au problème des Extros ? Et bientôt, tous reprennent du service pour leurs causes respectives. Sans pour autant que leur véritable but soit dévoilé. Enée est-elle vraiment un virus nanotech envoyé pour contaminer l'humanité ? Et le Gritche, qui le manipule ? Quant à Endymion, il part pour un long voyage cryogénique au terme duquel il retrouvera Enée adulte. Alors sonnera pour lui l'heure de l'Eveil et tous les fils seront enfin reliés. [www.payot.ch]",,,,,637,,fr,,,,Le cycle d’Hyperion,,,,,"Simmons,Dan",,,,Pocket,Science Fiction,Planet Opera|||#8E8E93;Space Opéra|||#0091FF,unread,,
2024-12-27,2024-12-27,04052C3C-ABF5-47E8-8C2B-DB837CC8A607,vBh1vQEACAAJ,GOOGLE_BOOKS,"Kemetos, Le Nouveau Paradigme - Livre 1",Fortification,http://books.google.fr/books?id=vBh1vQEACAAJ&hl=&source=gbs_api,BOOKSHELF,PAPERBACK;EBOOK,1727614801,9781727614800,,,,,,"KEMETOS EST UNE SAGA DE SCIENCE FICTION EN SEPT LIVRES SE DÉROULANT AU 23ÈME SIÈCLE.L'état fédéral africain a finalement vu le jour, après l'apocalypse nucléaire qui a vu s'annihiler les puissances occidentales et les puissants états qui ne leur étaient pas inféodés. L'Afrique se reconstruit et accélère la création d'une fédération des états négro-africains : les États-Unis d'Afrique.En fin de compte, c'est tout l'hémisphère nord du globe qui est devenu un enfer. Les survivants se ruent vers les Caraïbes et l'Amérique Centrale puis se mettent à lorgner sur l'Amérique du Sud. Ils parviennent à conquérir militairement l'Amérique Centrale mais Haïti demeure libre car elle est le territoire africain le mieux fortifié de la fédération dans la mer des Caraïbes.Suite à la débâcle des troupes de la Fédération Bolivarienne sur leur sol, la menace se fait sentir dans toutes les Caraïbes. C'est alors que face à cette menace d'occupation du continent Sud-Américain qu'est organisée une opération conjointe baptisée « El Brazo de Amaru » entre les deux Fédérations alliées afin contenir et repousser l'envahisseur des territoires conquis.Plus que jamais, il fallait fortifier les défenses de la fédération des Etats Unis d'Afrique, afin de préserver deux siècles de progrès et de paix. L'armée fédérale était bâtie comme une citadelle, une muraille épaisse. Ses troupes étaient stationnées sur chaque territoire et île. Et de toutes ces îles, une allait cristalliser la tension. Haïti va se transformer en une brèche béante dans le système défensif africain.",http://books.google.com/books/content?id=vBh1vQEACAAJ&printsec=frontcover&img=1&zoom=1&imgtk=AFLRE72rdvFuoOSWI5btYe8zyXRCYs4rMetjuQqph9JqeKzjJtIrbQCijy0ww80RfKIsACURIfShJClg0t4_aLzuLMhyOzmPa4cbm65Vm7qsfrcY9bVYjCj9bCm4t-C-DgzVYtOLuHBY&fife=w1000-h1000,http://books.google.com/books/content?id=vBh1vQEACAAJ&printsec=frontcover&img=1&zoom=1&imgtk=AFLRE72rdvFuoOSWI5btYe8zyXRCYs4rMetjuQqph9JqeKzjJtIrbQCijy0ww80RfKIsACURIfShJClg0t4_aLzuLMhyOzmPa4cbm65Vm7qsfrcY9bVYjCj9bCm4t-C-DgzVYtOLuHBY&fife=w1000-h1000,,,398,,fr,2024-12-25,0,,,,,,,"Mieko,Momi M'buze Noogwani Ataye",,,,CreateSpace Independent Publishing Platform,Fiction;Military;Science Fiction,Afrofuturisme|||#FF4245;Culture afro|||#FF9230,to-read,,
2024-10-10,2025-01-30,7DD3F746-2DA6-42FE-AA3A-BCDECA1509F4,10837264,GOODREADS,L'Épée de la providence (Sorceleur #2),,https://www.goodreads.com/book/show/10837264-l-p-e-de-la-providence,NOT_OWNED,EBOOK,2811205071,9782811205072,2011-05-20,,,,,"Geralt de Riv n’en a pas fini avec sa vie errante de tueur de monstres. Fidèle aux règles de la corporation maudite des sorceleurs, Geralt assume sa mission sans faillir dans un monde hostile et corrompu qui ne laisse aucune place à l’espoir. Mais la rencontre avec la petite Ciri, l’Enfant élue, va donner un sens nouveau à l’existence de ce héros solitaire. Geralt cessera-t-il enfin de fuir devant la mort pour affronter la providence et percer à jour son véritable destin ?",https://i.gr-assets.com/images/S/compressed.photo.goodreads.com/books/1328751953l/10837264._SX98_.jpg,https://i.gr-assets.com/images/S/compressed.photo.goodreads.com/books/1328751953l/10837264._SX98_.jpg,4.27,,464,,fr,,,,The Witcher,2,,,,"Sapkowski,Andrzej",,,,Bragelonne,Fantasy ,,to-read,,
2025-01-27,2025-01-27,0F2C974C-3408-47D6-BD1E-AF22C6AC2A82,RXLYzQEACAAJ,GOOGLE_BOOKS,L'espace d'un an,,http://books.google.fr/books?id=RXLYzQEACAAJ&hl=&source=gbs_api,WISHLIST,EBOOK,2253260592,9782253260592,2020-01-01,,,,,"Rosemary, jeune humaine inexpérimentée, fuit sa famille de richissimes escrocs. Elle est engagée comme greffière à bord du Voyageur, un vaisseau qui creuse des tunnels dans l'espace. Elle y apprend à vivre et à travailler avec des représentants de différentes espèces de la galaxie : des reptiles, des amphibiens et, plus étranges encore, d'autres humains. La pilote, couverte d'écailles et de plumes multicolores, a choisi de se couper de ses semblables ; le médecin et cuistot occupe ses six mains à réconforter les gens pour oublier la tragédie qui a condamné son espèce à mort ; le capitaine humain, pacifiste, aime une alien dont le vaisseau approvisionne les militaires en zone de combat ; l'IA du bord hésite à se transférer dans un corps de chair et de sang...",,,,,594,,fr,,,,,,,,,"Chambers,Becky",,,,Librairie générale française,,,unread,,
2025-01-26,2025-01-26,A36156E4-C6EA-42A8-A35A-1E36600D4BFE,B33AFC21-B8D4-4B7E-BDC9-65CE0E44EA7A,ISBNDB,"L'Étoile de Pandore, T1 : Pandore abusée (L'Étoile de Pandore (1)) (French Edition)",,,WISHLIST,PAPERBACK,,9791028108557,2018-01-17,,,,,"En 2380, l’humanité a colonisé six cents planètes, toutes reliées entre elles par des trous de ver. Le Commonwealth Intersolaire s’est développé en une société tranquille et prospère, dans laquelle la « réjuvénation » permet à chaque citoyen de vivre pendant des siècles. C’est alors qu’un astronome est témoin d’un incroyable événement cosmique : la disparition d’une étoile à un millier d’années-lumière, emprisonnée dans un champ de force d’une taille gigantesque. Le Commonwealth décide d’en savoir plus. Contre l’avis d’une partie de l’opinion, il construit le premier vaisseau spatial plus rapide que la lumière : le Seconde Chance. Sa mission sera de découvrir quelle menace pèse sur l’espèce humaine…",https://images.isbndb.com/covers/15365513486114.jpg,https://images.isbndb.com/covers/15365513486114.jpg,,,687,,fr,,,,L’Etoile de Pandore,,,,,"Hamilton,Peter F",,,,BRAGELONNE,Science Fiction,Space Opéra|||#0091FF,unread,,
2025-01-26,2025-01-26,2633DBCF-77F9-4564-BEDD-1C7BBFA6A4B1,4C3FAB1A-A6D8-430A-BF0B-93368A199F4F,ISBNDB,"L'Étoile de Pandore, T2 : Pandore menacée (L'Étoile de Pandore (2)) (French Edition)",,,WISHLIST,PAPERBACK,,9791028111748,2018-02-14,,,,,nan,https://images.isbndb.com/covers/15397423486114.jpg,https://images.isbndb.com/covers/15397423486114.jpg,,,694,,fr,,,,L’Etoile de Pandore,,,,,"Hamilton,Peter F.",,,,BRAGELONNE,Science Fiction,Space Opéra|||#0091FF,unread,,
2025-01-28,2025-01-28,7522B470-C202-40D7-9E74-4BFB456C3D1B,qbpHtwEACAAJ,GOOGLE_BOOKS,L'éveil du leviathan,,http://books.google.fr/books?id=qbpHtwEACAAJ&hl=&source=gbs_api,WISHLIST,PAPERBACK,2253083658,9782253083658,2018-05-16,,,,,,,,,,904,,fr,,,,The Expanse,1,,,,"Corey,James S. A.",,,,LGF/Le Livre de Poche,Science Fiction,Space Opéra|||#0091FF,unread,,
2025-01-26,2025-01-26,85605748-53B9-43D7-88A9-D193649A16A8,44E58F6E-3453-4118-A801-3D22DDCAAFF8,ISBNDB,La Chute d'Hypérion (2),,,WISHLIST,PAPERBACK,2266285661,9782266285667,2018-04-03,,,,,"La guerre fait rage dans le ciel d'Hypérion. Mais l'affrontement entre l'essaim d'Extros et les Forces de l'Hégémonie n'est que le début d'une conspiration à l'échelle galactique. Alors que sur Tau Ceti Central, le pouvoir de la Présidente Meina Gladstone vacille, sur Hypérion, les sept pèlerins rejoignent les Tombeaux du Temps. Pour chacun d'entre eux, le moment est venu de la confrontation avec l'abominable Gritche. Bientôt, les Tombeaux s'ouvriront dans un maelström de temps et révéleront les véritables enjeux du futur...",https://images.isbndb.com/covers/24801413482994.jpg,https://images.isbndb.com/covers/24801413482994.jpg,,,740,,fr,,,,Le cycle d’Hyperion,,,,,"Simmons,Dan",,,,POCKET,Science Fiction;Science Fiction & Fantasy,Planet Opera|||#8E8E93;Space Opéra|||#0091FF;Weird fiction|||#8E8E93,unread,,
2024-10-16,2025-01-22,729BD98A-99BB-4E9A-9456-A25BA75FC31F,RBnEjceV-7YC,GOOGLE_BOOKS,LA FILLE AUTOMATE,,http://books.google.fr/books?id=RBnEjceV-7YC&hl=&source=gbs_api,NOT_OWNED,EBOOK,2846264686,9782846264686,,,,,,"La sublime Emiko n’est pas humaine. C’est une créature artificielle, élevée en crèche etprogrammée pour satisfaire les caprices décadents d’un homme d’affaires de Kyoto. Êtressans âme pour certains, démons pour d’autres, les automates sont esclaves, soldats ou jouetspour les plus riches, en ce XXIe siècle d’après le grand krach énergétique, alors que les effetssecondaires des pestes génétiquement modifiées ravagent la Terre et que les producteurs decalories dirigent le monde. Qu’arrive-t-il quand l’énergie devient monnaie ? Quand lebioterrorisme est outil de profit ? Et que les dérives génétiques font basculer le monde dansl’évolution posthumaine ? Dans ce premier roman récompensé par quatre prix, Hugo, Campbell, Nebula et Locus 2010,Paolo Bacigalupi développe, avec une approche à la William Gibson, une anticipationgéopolitique des plus réalistes.",http://books.google.com/books/content?id=RBnEjceV-7YC&printsec=frontcover&img=1&zoom=1&imgtk=AFLRE70cVxiHwWAgSeQeR_ObOymo9G6Jf4hGMMu3yvx2w8MTr7qgbUfpu8atawdEFb_LpOzDWJSGii0IdBpBMZR4PDhZ67FiYHaiMf3fgPHvxkrqrltodSPGdxqeEXCSpPgc4tNLPboc&fife=w1000-h1000,http://books.google.com/books/content?id=RBnEjceV-7YC&printsec=frontcover&img=1&zoom=1&imgtk=AFLRE70cVxiHwWAgSeQeR_ObOymo9G6Jf4hGMMu3yvx2w8MTr7qgbUfpu8atawdEFb_LpOzDWJSGii0IdBpBMZR4PDhZ67FiYHaiMf3fgPHvxkrqrltodSPGdxqeEXCSpPgc4tNLPboc&fife=w1000-h1000,4.5,3.0446927374301676,608,,fr,,,,,,,,,"BACIGALUPI,Paolo",,,,Au Diable Vauvert,Dystopian;Science Fiction,Megacorporations|||#00D2E0,read,2024-11-28,2025-01-22
2025-01-30,2025-03-19,9AD201BE-E8E2-4687-9B94-F1A9CC3E17A2,64A1BEA9-6C8C-40C6-85F0-C66ADF052FA7,ISBNDB,La Main Gauche de La Nuit,,,BOOKSHELF,PAPERBACK,2253113166,9782253113164,2006-06-01,,,,,"Sur Gethen, la planète glacée que les premiers hommes ont baptisée Hiver, il n’y a ni hommes ni femmes, seulement des êtres humains.<br/>Des androgynes qui, dans certaines circonstances, adoptent les caractères de l’un ou l’autre sexe.<br/>Les sociétés nombreuses qui se partagent Gethen portent toutes la marque de cette indifférenciation sexuelle.<br/>L’Envoyé venu de la Terre, qui passe pour un monstre aux yeux des Géthéniens, parviendra-t-il à leur faire entendre le message de l’Ekumen ?<br/>Ce splendide roman a obtenu le prix Hugo et a consacré Ursula Le Guin comme un des plus grands talents de la science-fiction.",https://images.isbndb.com/covers/5419543482990.jpg,https://images.isbndb.com/covers/5419543482990.jpg,,2.0391061452513966,350,,fr,2025-02-07,0,,Cycle de l’Ékumen,4,,,,"Le Guin,Ursula K.",,,,Livre de Poche,Fantasy;Genre Fiction;Science Fiction;Science Fiction & Fantasy,Féminisme|||#0091FF;Space Opéra|||#0091FF,read,2025-02-09,2025-03-19
2024-10-15,2024-10-15,3065DF2F-DB19-4115-8430-B72BC33C0235,CBKSzgEACAAJ,GOOGLE_BOOKS,La mascarade nocturne,,http://books.google.fr/books?id=CBKSzgEACAAJ&hl=&source=gbs_api,WISHLIST,EBOOK,2376863651,9782376863656,2021-05-21,,,,,"Vol. 2: De retour sur Terre après son année passée à la formidable université d'Oomza, Binti a appris être la descendante des Enyi Zinariya, un peuple extraterrestre. Elle est désormais capable de communiquer sans technologie tierce à travers de grandes distances. Mais la découverte de ce nouveau don, qu'elle maîtrise encore difficilement, s'accompagne d'une douloureuse nouvelle : pendant sa retraite dans le désert, les Khoush ont attaqué son village et sa famille a péri dans l'incendie de leur demeure",,,,,280,,fr,,,,Binti ,,,,,"Okorafor,Nnedi",,,,ActuSF,Science Fiction,Afrofuturisme|||#FF4245,unread,,
2025-01-19,2025-01-19,DCA362E2-B959-436D-8D62-CDB6441AAC68,cNk5DwAAQBAJ,GOOGLE_BOOKS,"La Première loi, T1 : Premier sang",,http://books.google.fr/books?id=cNk5DwAAQBAJ&hl=&source=gbs_api,WISHLIST,EBOOK,281122016X,9782811220167,2017-11-17,,,,,"Logen Neuf-Doigts, le barbare le plus redouté du Nord, a finalement vu sa chance tourner : son dernier combat risque bien d'être celui de trop.
Jeune, séduisant et passablement égoïste, le capitaine Jezal dan Luthar n'a rien de plus dangereux en tête qu'arnaquer ses amis aux cartes, s'enivrer et remporter le tournoi annuel d'escrime.
L'Inquisiteur Glotka, tortionnaire accompli, ne rêve que de voir l'arrogant capitaine tomber entre ses mains. Lui ou un autre... car Glotka déteste tout le monde à parts égales.
Et Bayaz, vieillard irascible, est peut-être le Premier des Mages, peut-être un imposteur, mais très certainement la source des ennuis qui s'apprêtent à accabler Logen, Jezal et Glokta.
Alors que de funestes complots se trament et que des querelles millénaires remontent à la surface, la ligne qui sépare les héros des traîtres est plus tranchante que le fil d'une épée.
",http://books.google.com/books/publisher/content?id=cNk5DwAAQBAJ&printsec=frontcover&img=1&zoom=1&imgtk=AFLRE70xTt-inHhzElWztso1VQz2QSXv4elPKsUJse__zHE2ulHkJIUYs7ylRwLkqrDNBVxeZoWXkeuh1zFG4fQp6ajXIS50BlDUMotWoHtV9aDmJghQJ0Gd8wvuwCKkECkc4VnuSccT&fife=w1000-h1000,http://books.google.com/books/publisher/content?id=cNk5DwAAQBAJ&printsec=frontcover&img=1&zoom=1&imgtk=AFLRE70xTt-inHhzElWztso1VQz2QSXv4elPKsUJse__zHE2ulHkJIUYs7ylRwLkqrDNBVxeZoWXkeuh1zFG4fQp6ajXIS50BlDUMotWoHtV9aDmJghQJ0Gd8wvuwCKkECkc4VnuSccT&fife=w1000-h1000,,,720,,fr,,,,La première loi,,,,,"Abercrombie,Joe;Mariot,Brigitte",,,,Bragelonne,Fantasy;Fiction,Fantasy|||#FF9230;Médiéval |||#FF375F,unread,,
2024-10-16,2024-10-16,D537E48A-A5EB-41FE-9095-A8A02E4565D5,Nex6zwEACAAJ,GOOGLE_BOOKS,La schismatrice +,,http://books.google.fr/books?id=Nex6zwEACAAJ&hl=&source=gbs_api,WISHLIST,EBOOK,2354089872,9782354089870,2022-01-01,,,,,"Dans une humanité déracinée, peuplant le système solaire de gigantesques stations orbitales, écartelée entre les tenants de l'évolution par la technologie et ceux de la manipulation génétique, Abélard Lindsay, jeune diplomate issu de la République corporative circumlunaire de Mare Serenitatis tente de trouver son chemin.
Fils d'aristocrate, il doit apprendre à survivre, à choisir son camp. Mais au moment où l'homme évolue, cesse d'exister en tant que tel pour se scinder en espèces nouvelles, il croit enfin comprendre son destin: réconcilier Mécas et Morphos autour d'un projet grandiose, la terraformation des mondes...",,,,,509,,fr,,,,,,,,,"Sterling,Bruce",,,,Mnémos,Science Fiction,Cyberpunk|||#DB34F2;Megacorporations|||#00D2E0;Space Opéra|||#0091FF,unread,,
2024-10-16,2024-10-16,E4D8430C-4D81-4D11-A738-3D1A04873C14,35gZDAAAQBAJ,GOOGLE_BOOKS,La Zone du Dehors,,http://books.google.fr/books?id=35gZDAAAQBAJ&hl=&source=gbs_api,WISHLIST,EBOOK,2917157607,9782917157602,,,,,,"2084. Orwell est loin désormais. Le totalitarisme a pris les traits bonhommes de la social-démocratie. Souriez, vous êtes gérés ! Le citoyen ne s'opprime plus : il se fabrique. A la pâte à norme, au confort, au consensus. Copie qu'on forme, tout simplement. Au coeur de cette glu, un mouvement, une force de frappe, des fous : la Volte. Le Dehors est leur pays, subvertir leur seule arme. Emmenés par Capt, philosophe et stratège, le peintre Kamio et le fulgurant Slift que rien ne bloque ni ne borne, ils iront au bout de leur volution - et même au delà, jusqu'à construire cette vie de partage, rouge, que personne ne pourra plus leur délaver. Premier roman de l'auteur de La Horde du Contrevent, la Zone est un livre de combat contre nos sociétés de contrôle (prix Utopiales européen 2007).",http://books.google.com/books/publisher/content?id=35gZDAAAQBAJ&printsec=frontcover&img=1&zoom=1&imgtk=AFLRE72dSgbeFNeBZFF5WGb44DnonKb4lwfeykacUNaYizKCj5hldW7NUqYI6vHe8cjIAkX6xzVtm440M_AFGfYFv6zrvYq0dF5WXr9pdn03xjAUar_TSUrM-HtOcnX8VjfQvdQqYYX7&fife=w1000-h1000,http://books.google.com/books/publisher/content?id=35gZDAAAQBAJ&printsec=frontcover&img=1&zoom=1&imgtk=AFLRE72dSgbeFNeBZFF5WGb44DnonKb4lwfeykacUNaYizKCj5hldW7NUqYI6vHe8cjIAkX6xzVtm440M_AFGfYFv6zrvYq0dF5WXr9pdn03xjAUar_TSUrM-HtOcnX8VjfQvdQqYYX7&fife=w1000-h1000,,,492,,fr,,,,,,,,,"Damasio,Alain",,,,La Volte,Dystopian;Fiction,Megacorporations|||#00D2E0;Société contrôlée|||#FF375F;Totalitarisme|||#00DAC3,unread,,
2024-10-15,2024-10-15,78756365-0F2C-4E8B-8DB2-4EDCC3A1EAAE,7c5VEAAAQBAJ,GOOGLE_BOOKS,Lastman (Tome 1),,http://books.google.fr/books?id=7c5VEAAAQBAJ&hl=&source=gbs_api,BOOKSHELF,PAPERBACK,220324125X,9782203241251,,,,,,"Adrian Velba, 12 ans, va enfin participer au grand tournoi annuel d'arts martiaux de la vallée des rois. Hélas, à quelques heures de la clôture des inscriptions, son partenaire le lâche, alors qu'il faut être deux pour concourir. In extremis surgit un curieux inconnu, Richard Aldana, qui propose à Adrian de combattre ensemble. Méfiante, Marianne, la mère d’Adrian, donne son accord du bout des lèvres... Projet innovant, conçu pour déborder du cadre de la seule bande dessinée (jeu vidéo, série animée...), Lastman est le fruit d’un travail collectif, nourri d’une riche culture de gamers et porté par un sens aigu de la narration et du spectacle. C’est magnifique ! YUSUKE MURATA (ONE PUNCH MAN). Nouveau et spectaculaire, la démonstration d’un amusement partagé entre auteurs et lecteurs. KATSUHIRO OTOMO (AKIRA). Bravo pour le rythme, la vitalité et l’inventivité de la série ! JIRÔ TANIGUCHI (QUARTIER LOINTAIN)",http://books.google.com/books/publisher/content?id=7c5VEAAAQBAJ&printsec=frontcover&img=1&zoom=1&imgtk=AFLRE7204egHMKKeSiCbP3AIjXBbpjaNGKpoNKD_IEHu4CMa4fVjONCzuRhvvUnPxjM5Z6feNt9EEM9xohH9NEfg8Mf7LMr_Mj4UeKbOUyUHoQAZz41ZN8cSo1e8XCiMWplQxu05wVOw&fife=w1000-h1000,http://books.google.com/books/publisher/content?id=7c5VEAAAQBAJ&printsec=frontcover&img=1&zoom=1&imgtk=AFLRE7204egHMKKeSiCbP3AIjXBbpjaNGKpoNKD_IEHu4CMa4fVjONCzuRhvvUnPxjM5Z6feNt9EEM9xohH9NEfg8Mf7LMr_Mj4UeKbOUyUHoQAZz41ZN8cSo1e8XCiMWplQxu05wVOw&fife=w1000-h1000,,,210,,fr,,,,Lastman,,,,,"Balak;Sanlaville,Michaël;Vivès,Bastien",,,,Casterman,Comics & Graphic Novels,,to-read,,
2024-10-16,2024-10-16,E9EFC28E-51F1-41A8-885E-8BE5F1DE6411,nW0mDwAAQBAJ,GOOGLE_BOOKS,Le Cercle,,http://books.google.fr/books?id=nW0mDwAAQBAJ&hl=&source=gbs_api,WISHLIST,EBOOK,2072733448,9782072733444,,,,,,"Quand Mae Holland est embauchée par le Cercle, elle n’en revient pas. Ce géant d’Internet relie e-mails, réseaux sociaux et transactions bancaires dans un système universel, clé de voûte d’une société numérique prônant la civilité et la transparence. Mae se passionne pour son nouveau travail – même s’il l’absorbe entièrement, l’éloignant de ses proches, et même si elle s’expose aux yeux du monde en participant au dernier projet du Cercle, une avancée technologique aussi considérable qu’inquiétante... Ce qui ressemble d'abord au portrait d’une femme ambitieuse devient rapidement un roman au suspense haletant, qui étudie les liens entre vie privée et addiction aux réseaux sociaux, et interroge les limites de la connaissance.",http://books.google.com/books/publisher/content?id=nW0mDwAAQBAJ&printsec=frontcover&img=1&zoom=1&imgtk=AFLRE73UELWRv6tAfgLjA3rmqEooYOQPd0MjeTVs6bQj7wwEdJwEfUUIHjbPPWkBo-wSmkXJ5TMAjyoe8QqpAwbxoyPMfrc2K4kJ3hN7PtplTHsIN5hzu3tUFZHhYv338DHALoeu9LBA&fife=w1000-h1000,http://books.google.com/books/publisher/content?id=nW0mDwAAQBAJ&printsec=frontcover&img=1&zoom=1&imgtk=AFLRE73UELWRv6tAfgLjA3rmqEooYOQPd0MjeTVs6bQj7wwEdJwEfUUIHjbPPWkBo-wSmkXJ5TMAjyoe8QqpAwbxoyPMfrc2K4kJ3hN7PtplTHsIN5hzu3tUFZHhYv338DHALoeu9LBA&fife=w1000-h1000,,,576,,fr,,,,,,,,,"Eggers,Dave",,,,Editions Gallimard,Dystopian;Fiction,Société contrôlée|||#FF375F,unread,,
2024-10-10,2024-10-27,73228F42-E860-405D-B9DA-E829091DA874,11513014,GOODREADS,Le Dernier Vœu (Sorceleur #1),,https://www.goodreads.com/book/show/11513014-le-dernier-v-u,BOOKSHELF,PAPERBACK,2811205063,9782811205065,2011-04-22,,,,,"Geralt de Riv est un personnage étrange, une bizarrerie de la nature, un mutant qui, grâce à la magie et à un long entraînement, mais aussi grâce à un mystérieux élixir, est devenu un meurtrier parfait. Ses cheveux blancs, ses yeux nyctalopes et son manteau noir effrayent et fascinent. Il parcourt des contrées pittoresques en gagnant sa vie comme chasseur de monstres. En ces temps obscurs, ogres, goules et vampires pullulent, et les magiciens sont des manipulateurs experts. Contre ces menaces, il faut un tueur à gages à la hauteur. Car Geralt est plus qu un guerrier ou un mage.C est un Sorceleur. Il est unique. Au cours de ses aventures, il rencontrera une autoritaire mais généreuse prêtresse, un troubadour paillard au grand cœur, et une magicienne capricieuse aux charmes vénéneux. Amis d'un jour, amours d'une nuit. Mais au bout de sa quête, peut-être pourra-t-il prononcer son dernier vœu : retrouver son humanité perdue...",https://i.gr-assets.com/images/S/compressed.photo.goodreads.com/books/1328751674l/11513014._SX98_.jpg,https://i.gr-assets.com/images/S/compressed.photo.goodreads.com/books/1328751674l/11513014._SX98_.jpg,4.13,3.4,382,,,,,,The Witcher,1,,,,,,,,Bragelonne,,,read,2023-10-10,2023-10-10
2025-12-24,2025-12-24,B931032C-B38C-4BF1-B4BB-AF3D85BD1AA7,8x9NHpJIneEC,GOOGLE_BOOKS,Le Dévouement du suspect X,,http://books.google.fr/books?id=8x9NHpJIneEC&hl=&source=gbs_api,NOT_OWNED,EBOOK,233000463X,9782330004637,,,,,,"Ishigami, un professeur de mathématiques, est amoureux de sa voisine, Yasuko Hanaoka, une divorcée qui élève seule sa fille. Mais son ex-mari a retrouvé sa trace et la harcèle. Elle le tue en cherchant à protéger sa fille qu'il a attaquée. Ishigami, qui a tout entendu, y voit l'occasion de se rapprocher d'elle et lui propose son aide. Il entreprend alors de maquiller le crime en le considérant comme un problème de mathématiques à résoudre... Un roman noir sur la folle logique de la passion.",http://books.google.com/books/content?id=8x9NHpJIneEC&printsec=frontcover&img=1&zoom=1&imgtk=AFLRE73Ba_TZCq0cpAmklayD4EEUy5cHOv24AuWWlNOV01LYKM3zwwHeLIDW69xw45ed3CXsag-9dFN3osQc0HLiPpW_caVvLkxSznnhTT7VXtG1bZNw7F3HROBjn4Ck_-gUncO5IL6X&fife=w1000-h1000,http://books.google.com/books/content?id=8x9NHpJIneEC&printsec=frontcover&img=1&zoom=1&imgtk=AFLRE73Ba_TZCq0cpAmklayD4EEUy5cHOv24AuWWlNOV01LYKM3zwwHeLIDW69xw45ed3CXsag-9dFN3osQc0HLiPpW_caVvLkxSznnhTT7VXtG1bZNw7F3HROBjn4Ck_-gUncO5IL6X&fife=w1000-h1000,,,315,,fr,,,,,,,,,"Higashino,Keigo",,,,Actes Sud Littérature,Crime;Fiction;General,Japon|||#0091FF,read,2025-12-25,2026-01-07
2025-01-25,2025-01-25,9750A3A0-13DE-4372-A0CC-5DA33946E489,tplIzwEACAAJ,GOOGLE_BOOKS,Le dieu venu du Centaure,,http://books.google.fr/books?id=tplIzwEACAAJ&hl=&source=gbs_api,WISHLIST,EBOOK,2290365297,9782290365298,2015-01-01,,,,,"Qui est Palmer Eldritch ? Un aventurier parti dix ans plus tôt découvrir les richesses de Proxima du Centaure, aujourd'hui de retour dans le Système solaire. Un nabab de l'industrie qui s'apprête à lancer le K-Priss, une drogue destinée à remplacer le D-Liss, et à lui assurer le monopole du juteux marché des colons martiens. Un dieu omniprésent qui s'incarne dans chacun de vos trips. Un organisme extraterrestre venu prendre le contrôle de la Terre. Oui, tout cela, et peut-être plus encore.",,,,,283,,fr,,,,,,,,,"Dick,Philip Kindred",,,,J'ai lu,,,unread,,
2025-01-19,2025-01-26,B93B969D-8D1C-492B-9F64-E76152E63A62,tOSSRAAACAAJ,GOOGLE_BOOKS,Le guide du voyageur galactique,,http://books.google.fr/books?id=tOSSRAAACAAJ&hl=&source=gbs_api,NOT_OWNED,EBOOK,2070437434,9782070437436,,,,,,"""Comment garder tout son flegme quand on apprend dans la même journée : que sa maison va être abattue dans la minute pour laisser place à une déviation d'autoroute ; que la Terre va être détruite d'ici deux minutes, se trouvant, coïncidence malheureuse, sur le tracé d'une future voie express intergalactique ; que son meilleur ami, certes délicieusement décalé, est en fait un astrostoppeur natif de Bételgeuse, et s'apprête à vous entraîner aux confins de la galaxie? Pas de panique! Car Arthur Dent, un Anglais extraordinairement moyen, pourra compter sur le fabuleux Guide du voyageur galactique pour l'accompagner dans ses extraordinaires dérapages spatiaux moyennement contrôlés.""--",http://books.google.com/books/content?id=tOSSRAAACAAJ&printsec=frontcover&img=1&zoom=1&imgtk=AFLRE71vwzsSS8HUIpWh-7uHLOx-nQxdw4_WRN6cSHIIfTiTMKBMmE87MPp8MPa8Ko1uAyuy5APKivdXeWAHANo3xO7HAQLOpjgrq8-yNQMZYYyGqGXbcwGFe8G78fKG4PtHvg2lAbvg&fife=w1000-h1000,http://books.google.com/books/content?id=tOSSRAAACAAJ&printsec=frontcover&img=1&zoom=1&imgtk=AFLRE71vwzsSS8HUIpWh-7uHLOx-nQxdw4_WRN6cSHIIfTiTMKBMmE87MPp8MPa8Ko1uAyuy5APKivdXeWAHANo3xO7HAQLOpjgrq8-yNQMZYYyGqGXbcwGFe8G78fKG4PtHvg2lAbvg&fife=w1000-h1000,,,273,,fr,,,,H2G2,,,,,"Adams,Douglas",,,,Gallimard,Science Fiction,Comédie |||#DB34F2;Space Opéra|||#0091FF,unread,,
2025-10-20,2025-10-20,1578F71B-E991-4C3B-99C0-C0D7280C492C,3U83HQAACAAJ,GOOGLE_BOOKS,Le guide du voyageur galactique,"H2G2, I",http://books.google.fr/books?id=3U83HQAACAAJ&hl=&source=gbs_api,NOT_OWNED,EBOOK,2070319016,9782070319015,2005-01-01,,,,,"Epopée galactique qui raconte l'histoire d'Arthur Dent, un homme ordinaire projeté dans l'espace à la suite de la destruction de la Terre. A la recherche de sa maison et accessoirement du sens de la vie, il découvre en auto-stop une galaxie complètement loufoque. Nouvelle publication à l'occasion de l'adaptation cinématographique du roman.",http://books.google.com/books/content?id=3U83HQAACAAJ&printsec=frontcover&img=1&zoom=1&imgtk=AFLRE70rYJmimwY47bgH7Lk5cyTj6k7JoSRKXG7lM5k2t_bxGKUQiWXEFbokjp6ZIMTpnGuwj5Uk3XkH7D7sg7JpVdoe9o4VUxx_YhOkIxAXYnATByy-oJYGZ95z2iEJUwmXSq1ey_sV&fife=w1000-h1000,http://books.google.com/books/content?id=3U83HQAACAAJ&printsec=frontcover&img=1&zoom=1&imgtk=AFLRE70rYJmimwY47bgH7Lk5cyTj6k7JoSRKXG7lM5k2t_bxGKUQiWXEFbokjp6ZIMTpnGuwj5Uk3XkH7D7sg7JpVdoe9o4VUxx_YhOkIxAXYnATByy-oJYGZ95z2iEJUwmXSq1ey_sV&fife=w1000-h1000,4.5,,303,,fr,,,,,,,,,"Adams,Douglas",,,,Gallimard,,,read,2025-10-20,2025-10-24
2025-01-27,2025-01-27,0104E272-56DD-4101-A262-002605335F8B,lW4zDQAAQBAJ,GOOGLE_BOOKS,Le problème à trois corps,,http://books.google.fr/books?id=lW4zDQAAQBAJ&hl=&source=gbs_api,BOOKSHELF,AUDIOBOOK,2330071035,9782330071035,,,,,,"En pleine Révolution culturelle, le pouvoir chinois construit la base militaire secrète de Côte Rouge, destinée à développer une arme de grand calibre. Ye Wenjie, une jeune astrophysicienne en cours de “rééducation”, intègre l’équipe de recherche. Dans ce lieu isolé où elle croit devoir passer le restant de sa vie, elle est amenée à travailler sur un système de télétransmissions dirigé vers l’espace et découvre peu à peu la véritable mission de Côte Rouge... Trente-huit ans plus tard, alors qu’une étrange vague de suicides frappe la communauté scientifique internationale, l’éminent chercheur en nanotechnologies Wang Miao est témoin de phénomènes paranormaux qui bouleversent ses convictions d’homme rationnel. Parmi eux, une inexplicable suite de nombres qui défile sur sa rétine, tel un angoissant compte à rebours... Hugo 2015 du meilleur roman, «Le Problème à trois corps» est le premier volume d’une trilogie culte d’une ambition folle.",http://books.google.com/books/publisher/content?id=lW4zDQAAQBAJ&printsec=frontcover&img=1&zoom=1&imgtk=AFLRE72P-G-C8vgDEi7XYDHD8fn1vpdmSKvOm-SwgoZvO4DdgebhrcSZN3-YYP67Wrscnw8N5XI-KMrxPRzTa_MOxsXT7MY8Eg5loRpjDaGXlMkY9sfW-eWoldqFQfTlreof5NlkPhwM&fife=w1000-h1000,http://books.google.com/books/publisher/content?id=lW4zDQAAQBAJ&printsec=frontcover&img=1&zoom=1&imgtk=AFLRE72P-G-C8vgDEi7XYDHD8fn1vpdmSKvOm-SwgoZvO4DdgebhrcSZN3-YYP67Wrscnw8N5XI-KMrxPRzTa_MOxsXT7MY8Eg5loRpjDaGXlMkY9sfW-eWoldqFQfTlreof5NlkPhwM&fife=w1000-h1000,4.0,,426,899,fr,,,,,,,,,"Liu,Cixin",,,,Actes Sud Littérature,Cyberpunk;Fiction;General;Military;Science Fiction;Space Opera,,unread,,
2024-10-15,2024-10-15,643E774E-0828-414C-831F-2366D9C55B51,lD9qDwAAQBAJ,GOOGLE_BOOKS,Le robot qui rêvait,,http://books.google.fr/books?id=lD9qDwAAQBAJ&hl=&source=gbs_api,NOT_OWNED,PAPERBACK,2290185639,9782290185636,,,,,,"Bienvenue dans le futur, ou plutôt dans une multitude de futurs : celui où un savant découvre l’anti-gravité, celui où le plus puissant des ordinateurs se fait clouer le bec, celui où un extraterrestre vient révéler à l’humanité une vérité qu’elle n’est pas prête à entendre... Autant d’événements susceptibles de bouleverser l’évolution de notre civilisation humaine, autant de possibilités de voir nos créations dépasser les limites que nous leur avons imposées. Et si nous n’étions plus maîtres de notre destinée ?",http://books.google.com/books/publisher/content?id=lD9qDwAAQBAJ&printsec=frontcover&img=1&zoom=1&imgtk=AFLRE70_VZSS6y0OBM5gHZ8AVWEkkKg7w0ujzXdNCD85P5GAtg5A0NGzk4dH1u7ifdDOV67aX6BBxiBItlVNS0fG40rMJhhxQB8_A2qhGVFFhsMkLjf9IiVXls3VD5WlICqMX73agyiS&fife=w1000-h1000,http://books.google.com/books/publisher/content?id=lD9qDwAAQBAJ&printsec=frontcover&img=1&zoom=1&imgtk=AFLRE70_VZSS6y0OBM5gHZ8AVWEkkKg7w0ujzXdNCD85P5GAtg5A0NGzk4dH1u7ifdDOV67aX6BBxiBItlVNS0fG40rMJhhxQB8_A2qhGVFFhsMkLjf9IiVXls3VD5WlICqMX73agyiS&fife=w1000-h1000,,,503,,fr,,,,,,,,,"Asimov,Isaac",,,,J'ai Lu,Nouvelles;Science Fiction,Space Opéra|||#0091FF,to-read,,
2024-10-10,2024-10-22,62D10064-B51A-4325-B1A2-B7480A404ACC,45281,GOODREADS,Le Samouraï virtuel,,https://www.goodreads.com/book/show/45281.Le_Samoura_virtuel,BOOKSHELF,EBOOK,2253072214,9782253072218,2000-03-01,,,,,"Hiro Protagoniste est le plus grand sabreur du monde. Dans l'univers réel et dans le Métavers, un univers virtuel grandiosement conçu au long de la Rue qui fait un bon milliard de kilomètres (virtuels) de long et où tout ce qui compte possède une résidence (virtuelle). Hiro est aussi un programmeur réputé, l'un des créateurs de Métavers. Mais il lui arrive de livrer des pizzas pour le compte de la branche commerciale de la Mafia.

Y.T., quinze ans, blonde, est kourier. C'est-à-dire qu'elle transporte sur sa planche à roulettes version autoroute tout ce qu'on veut bien lui confier. Elle est du genre dégourdi, voire redoutable.

Quand ces deux-là se retrouvent, sous l’œil de l'oncle Enzo, parrain suprême, pour lutter contre une drogue qui ravage à la fois la réalité virtuelle et l'univers réel, cela promet...",https://i.gr-assets.com/images/S/compressed.photo.goodreads.com/books/1331936155l/45281._SX98_.jpg,https://i.gr-assets.com/images/S/compressed.photo.goodreads.com/books/1331936155l/45281._SX98_.jpg,4.02,3.2,736,,fr,2024-10-07,0,,,,,,,"Stephenson,Neal",,,,Le Livre de Poche,Science Fiction,Cyberpunk|||#DB34F2;Megacorporations|||#00D2E0;Monde virtuel |||#00DAC3,read,2024-10-09,2024-10-22
2024-10-15,2024-10-15,8A254F66-AE53-4B13-A156-D60D37C5FE2A,PzupmgEACAAJ,GOOGLE_BOOKS,Le Sicilien,roman,http://books.google.fr/books?id=PzupmgEACAAJ&hl=&source=gbs_api,WISHLIST,EBOOK,2253039357,9782253039358,1986-01-01,,,,,"Juillet 1950. Michael Corleone, à la veille de son retour en Amérique après son exil sicilien, se voit confier par le Parrain une importante mission : retrouver Salvatore Guiliano, le plus grand bandit de Sicile, et organiser sa fuite.
Et c'est l'histoire fabuleuse de ce héros que Mario Puzo nous conte ici; ce Robin des Bois des temps modernes qui, en rébellion contre les conditions de dénuement total dans lesquelles se trouve son pays à la Libération, dévalise les riches afin de venir en aide aux pauvres et forme un contre-pouvoir pour défendre les droits des paysans. Ce faisant, il s'est créé un ennemi sans merci: Don Croce, le très habile chef de la Mafia sicilienne. Confronté ainsi, au pouvoir de la Mafia, Guiliano va apprendre à ses dépens qui sont ses véritables adversaires.
Dans un monde de violence et de drame, avec le beau Salvatore Guiliano, personnage inoubliable, on court, on vole d'aventures en aventures sur cette terre de Sicile où tout est passion.
Le Sicilien. Un très grand roman, par Mario Puzo l'auteur du célèbre Parrain.",,,,,511,,fr,,,,,,,,,"Puzo,Mario",,,,Librairie Générale Française,Roman,Littérature Italienne|||#30D158;Mafia|||#8E8E93,unread,,
2024-12-28,2024-12-28,952DE0F9-98EA-44C1-AD6E-71532572EFA3,cDkKEAAAQBAJ,GOOGLE_BOOKS,Les choses humaines,,http://books.google.fr/books?id=cDkKEAAAQBAJ&hl=&source=gbs_api,WISHLIST,EBOOK,2072921120,9782072921124,,,,,,"« Tu sais ce qui arrive à ceux qui pensent qu’on peut survivre en respectant des lois morales ? Tôt ou tard, ils finissent piétinés. » Les Farel forment un couple de pouvoir. Jean est un célèbre journaliste politique ; son épouse Claire est connue pour ses engagements féministes. Leur fils, Alexandre, étudie dans une prestigieuse université américaine. Mais alors que tout semble leur réussir, une accusation de viol fait voler en éclats ce qu’ils avaient si chèrement acquis. Ce roman puissant interroge la violence du monde contemporain et nous confronte à nos peurs : qui est à l’abri de se retrouver un jour piégé dans un redoutable engrenage ?",http://books.google.com/books/publisher/content?id=cDkKEAAAQBAJ&printsec=frontcover&img=1&zoom=1&imgtk=AFLRE73HQjSF_Q3K6wsN-9d26za5KUSLeK9IgugkJoVgwZK1HvOE_TA6hnG-CCrc5vtos_ZFiPAMWXDM_atdotTzRf7MuKSD0FsKu5NMvYQLN-lP2JpHfIa1zJTY5Svik-u6mtxr0kEQ&fife=w1000-h1000,http://books.google.com/books/publisher/content?id=cDkKEAAAQBAJ&printsec=frontcover&img=1&zoom=1&imgtk=AFLRE73HQjSF_Q3K6wsN-9d26za5KUSLeK9IgugkJoVgwZK1HvOE_TA6hnG-CCrc5vtos_ZFiPAMWXDM_atdotTzRf7MuKSD0FsKu5NMvYQLN-lP2JpHfIa1zJTY5Svik-u6mtxr0kEQ&fife=w1000-h1000,,,352,,fr,,,,,,,,,"Tuil,Karine",,,,Editions Gallimard,Fiction;General,,unread,,
2025-01-30,2025-01-30,0120C06D-2E74-4B03-AF03-50F791A40A90,lfJOswEACAAJ,GOOGLE_BOOKS,Les Dépossédés,,http://books.google.fr/books?id=lfJOswEACAAJ&hl=&source=gbs_api,WISHLIST,PAPERBACK,2253113158,9782253113157,,,,,,"Deux mondes se font face : Anarres, peuplé deux siècles plus tôt par des dissidents soucieux de créer enfin une société utopique vraiment libre, même si le prix à payer est la pauvreté. Et Urras qui a, pour les habitants d'Anarres, conservé la réputation d'un enfer, en proie à la tyrannie, à la corruption et à la violence. Shevek, physicien hors normes, a conscience que l'isolement d'Anarres condamne son monde à la sclérose. Et, fort de son invention, l'ansible, qui permettra une communication instantanée entre tous les peuples de l'Ekumène, il choisit de s'exiler sur Urras en espérant y trouver une solution. Ce roman, qui a obtenu les prix Hugo, Nebula et Locus, n'a rien perdu aujourd'hui de sa virulence politique ni de sa charge d'aventures. Avec La Main gauche de la nuit, précédemment paru dans la même collection, c'est un des chefs-d'oeuvre d'Ursula Le Guin. -- 4ème de couverture.",http://books.google.com/books/content?id=lfJOswEACAAJ&printsec=frontcover&img=1&zoom=1&imgtk=AFLRE70UW6s4idu44RX5b9OXMPZpoNWYU_HYcEyqalxKCprXb1qGqQTr_f4UkwDA7z_l-pwnPYsE3-8wx7zWwyHZv8vIOZlnZzf4hvD5thXCU6wVkltYBTxpFNmFrGKpWrt1ekxentUE&fife=w1000-h1000,http://books.google.com/books/content?id=lfJOswEACAAJ&printsec=frontcover&img=1&zoom=1&imgtk=AFLRE70UW6s4idu44RX5b9OXMPZpoNWYU_HYcEyqalxKCprXb1qGqQTr_f4UkwDA7z_l-pwnPYsE3-8wx7zWwyHZv8vIOZlnZzf4hvD5thXCU6wVkltYBTxpFNmFrGKpWrt1ekxentUE&fife=w1000-h1000,,,445,,fr,,,,Cycle de l’Ékumen,5,,,,"Le Guin,Ursula K.",,,,Librairie générale française,Fantasy;Fiction,Féminisme|||#0091FF,unread,,
2024-10-16,2024-10-16,B78C59E2-0226-448C-A7F6-0EEB83EF7377,bYpFDQAAQBAJ,GOOGLE_BOOKS,Les Monades urbaines,,http://books.google.fr/books?id=bYpFDQAAQBAJ&hl=&source=gbs_api,WISHLIST,EBOOK,2221197690,9782221197691,2016-10-27,,,,,"En 2381, l'humanité a trouvé une solution à la surpopulation : c'est en se développant verticalement dans des monades urbaines, des tours de mille étages, qu'elle continue de croître. L'altitude détermine le niveau social des habitants, qui quittent rarement leur étage. Au sein de cette société, pandémonium sexuel sans tabou, les hommes semblent nager en plein bonheur. Toutefois, la création, l'imagination et l'individualité y sont considérées comme des notions dangereusement subversives. C'est dans ce monde étrange que vont se croiser les destins de Micael, un électronicien qui rêve d'un monde antérieur, Jason, un historien qui découvre les affres de la jalousie, et Siegmund, un citoyen modèle. Tout se précipite quand Siegmund connaît une "" défaillance "" suite à une descente dans les bas étages. Bientôt, la situation vire au tragique.

"" Ce roman a une originalité, une densité et une espèce de véracité dans l'imaginaire qui lui permettent de traverser impunément les années. "" Gérard Klein


",http://books.google.com/books/publisher/content?id=bYpFDQAAQBAJ&printsec=frontcover&img=1&zoom=1&imgtk=AFLRE71Z6Sdc9-oC94o1Sz67Vdhx8h_o7_GLY2XqVuRNGQsY9byNW2-fbaYiK4u01EAjWWhPNhTpeQT3GLYg-PtAgdo76Gti6zZaMBODUdbNjKBAjriAuyskmHOaSVL7FWGxhKE7KBKM&fife=w1000-h1000,http://books.google.com/books/publisher/content?id=bYpFDQAAQBAJ&printsec=frontcover&img=1&zoom=1&imgtk=AFLRE71Z6Sdc9-oC94o1Sz67Vdhx8h_o7_GLY2XqVuRNGQsY9byNW2-fbaYiK4u01EAjWWhPNhTpeQT3GLYg-PtAgdo76Gti6zZaMBODUdbNjKBAjriAuyskmHOaSVL7FWGxhKE7KBKM&fife=w1000-h1000,,,199,,fr,,,,,,,,,"Silverberg,Robert",,,,Groupe Robert Laffont,Science Fiction;Utopie,Megacorporations|||#00D2E0;Société contrôlée|||#FF375F,unread,,
2025-01-30,2025-01-30,D9556CBA-1499-4C36-8256-EE28C827BAAB,WEWlDwAAQBAJ,GOOGLE_BOOKS,Lonesome Dove - Tome 1,"Lonesome Dove, T1",http://books.google.fr/books?id=WEWlDwAAQBAJ&hl=&source=gbs_api,WISHLIST,PAPERBACK,2404011383,9782404011387,2017-02-01,,,,,"À Lonesome Dove, Texas, les héros sont fatigués.

Augustus McCrae et Woodrow Call ont remisé leurs armes après de longues années passées à combattre les Comanches.

En cette année 1880, pourtant, l'aventure va les rattraper lorsqu'ils décident de voler du bétail au Mexique et de le convoyer jusque dans le Montana pour y établir un ranch. Commence alors un immense périple à travers l'Ouest, au cours duquel le convoi affrontera de violentes tempêtes, des bandes de tueurs et d'Indiens rebelles... et laissera de nombreux hommes derrière lui.

Récompensé par un prix Pulitzer, adapté par Hollywood, Lonesome Dove est une fresque épique qui explore les mythes fondateurs de l'Amérique et nous fait vivre la quête désespérée de deux hommes qui, sans le savoir, tournent les pages du dernier western.",http://books.google.com/books/publisher/content?id=WEWlDwAAQBAJ&printsec=frontcover&img=1&zoom=1&imgtk=AFLRE72UX1VhNdbNkszqwmYl7y7rVdvZnW8iJvZZo3okBm1X8_te0vColDCQCMJ57ClfXeW4jdUmsiDPc0mQkR18pNZJoLG4n1lxi3w4_7SCENt9t_GoLU9ED_n5VSM_dp0DNVuVenfS&fife=w1000-h1000,http://books.google.com/books/publisher/content?id=WEWlDwAAQBAJ&printsec=frontcover&img=1&zoom=1&imgtk=AFLRE72UX1VhNdbNkszqwmYl7y7rVdvZnW8iJvZZo3okBm1X8_te0vColDCQCMJ57ClfXeW4jdUmsiDPc0mQkR18pNZJoLG4n1lxi3w4_7SCENt9t_GoLU9ED_n5VSM_dp0DNVuVenfS&fife=w1000-h1000,,,544,,fr,,,,Lonesome Dove,1,,,,"Crevier,Richard;McMurtry,Larry",,,,Gallmeister,Fiction;Literary,Western|||#FF9230,unread,,
2024-10-16,2024-10-16,CB683D98-4A27-463C-BAFD-D8D9E3815663,9kRFDwAAQBAJ,GOOGLE_BOOKS,Mars la rouge (T. 1),,http://books.google.fr/books?id=9kRFDwAAQBAJ&hl=&source=gbs_api,WISHLIST,EBOOK,2258151333,9782258151338,2018-01-11,,,,,"Le premier volet de la saga visionnaire et culte 
Demain. Cent pionniers s'embarquent à bord de l'Arès, un immense vaisseau spatial dans lequel ils vont voyager une année entière. Leur destination ? Mars. Seul un homme y a déjà posé le pied, John Boon, légende vivante qui s'est porté volontaire pour ce second voyage, sans espoir de retour vers la Terre. Car les hommes et les femmes de l'Arès devront aller au-delà de l'exploration : ils devront rendre habitable ce monde hostile, descendre dans ses canyons pour y chercher de la glace, ensemencer les vallées où coulèrent des fleuves, braver le désert pour y inventer de nouvelles villes avec des matériaux nouveaux. Mais ils devront surtout affronter leurs différences politiques et religieuses pour recommencer l'Histoire.
",http://books.google.com/books/publisher/content?id=9kRFDwAAQBAJ&printsec=frontcover&img=1&zoom=1&imgtk=AFLRE73il4dOK4PpnZjX-962whvjeWbSitQaE3C5pTKBho7OE6gkh3iGYeyXbMEqGlRJjvB7csQEWxiqD6wDIP4QRhZBAhYa64nJLpAB-hz1Ep5p6FLJBSjVlCi0zbPIXf1MgqSO_Q0q&fife=w1000-h1000,http://books.google.com/books/publisher/content?id=9kRFDwAAQBAJ&printsec=frontcover&img=1&zoom=1&imgtk=AFLRE73il4dOK4PpnZjX-962whvjeWbSitQaE3C5pTKBho7OE6gkh3iGYeyXbMEqGlRJjvB7csQEWxiqD6wDIP4QRhZBAhYa64nJLpAB-hz1Ep5p6FLJBSjVlCi0zbPIXf1MgqSO_Q0q&fife=w1000-h1000,,,528,,fr,,,,La Trilogie de Mars,,,,,"Robinson,Kim Stanley",,,,Place des éditeurs,Science Fiction,Cybernétique |||#DB34F2;Politique|||#0091FF;Transhumanisme|||#6D7CFF,unread,,
2024-10-15,2024-10-16,5AEB9FC9-4079-4152-880B-7CAF50714252,MzvnDwAAQBAJ,GOOGLE_BOOKS,Martin Eden,,http://books.google.fr/books?id=MzvnDwAAQBAJ&hl=&source=gbs_api,NOT_OWNED,EBOOK,2322223069,9782322223060,2020-05-18,,,,,"Martin Eden est un jeune marin au long cours. Sa vie est faite d'aventures, il aime la boisson, les filles, les bagarres. Jusqu'au jour où il rencontre Ruth Morse, jeune femme de la bonne bourgeoisie. Pour la séduire, il renonce à ses mauvaises habitudes, à ses mauvaises fréquentations. À force de travail, il se forge un savoir encyclopédique, et découvre qu'il a un réel talent pour l'écriture. Mais la famille de Ruth voit d'un mauvais oeil la liaison de leur fille avec Martin. Celui-ci se donne deux ans pour réussir, faire publier ses écrits, afin d'épouser Ruth. Martin Eden aspire à cette ascension sociale, plus dure sera la chute... Ce roman est considéré comme le meilleur et le plus autobiographique des romans de Jack London. À l'instar de son héros, Jack London se donnera la mort sept ans plus tard.",http://books.google.com/books/publisher/content?id=MzvnDwAAQBAJ&printsec=frontcover&img=1&zoom=1&imgtk=AFLRE71DqqH9n1-gW_nqdzNzxTkeuMVe9_wnGv2cc_cXrPk4cRUf7t2VNbQHRYez12wax6YQJolSL8XBn5YYFj8jKceJzY8eAKZO2ST7iVNDuckUNWnSBoz6_Co4OIK-Tx8Tc2iqefFg&fife=w1000-h1000,http://books.google.com/books/publisher/content?id=MzvnDwAAQBAJ&printsec=frontcover&img=1&zoom=1&imgtk=AFLRE71DqqH9n1-gW_nqdzNzxTkeuMVe9_wnGv2cc_cXrPk4cRUf7t2VNbQHRYez12wax6YQJolSL8XBn5YYFj8jKceJzY8eAKZO2ST7iVNDuckUNWnSBoz6_Co4OIK-Tx8Tc2iqefFg&fife=w1000-h1000,,,501,,fr,,,,,,,,,"London,Jack",,,,BoD - Books on Demand,Fiction;General;Historical,,read,2020-10-15,2020-10-15
2024-10-15,2024-11-20,2E0FEFDD-3801-4BED-BC5E-1F1E20A946B2,V8SGAQAAQBAJ,GOOGLE_BOOKS,"Mass Effect, T2 : Ascension",,http://books.google.fr/books?id=V8SGAQAAQBAJ&hl=&source=gbs_api,NOT_OWNED,EBOOK,2820504876,9782820504876,2012-04-04,,,,,"La scientifique Kahlee Sanders a quitté l'Alliance interstellaire pour rejoindre le projet Ascension, destiné à aider les enfants biotiques », véritables génies, à exploiter leurs extraordinaires pouvoirs. L'élève la plus prometteuse de ce programme est Gillian Grayson, une enfant de douze ans quasi-autiste. Or, Kahlee ignore que cette fillette est devenue bien malgré elle un pion de l'organisation hors-la-loi, Cerberus, qui sabote le programme en menant sur les élèves des expériences illégales. Quand les sinistres projets de Cerberus sont révélés, Gillian et son père prennent la fuite vers les systèmes Terminus, qui ne sont régis par aucune loi. Déterminée à protéger Gillian, Kahlee les accompagne. Elle ignore que le père de l'enfant est en réalité un agent de Cerberus. Pour sauver Gillian, Kahlee devra voyager jusqu'aux confins de la galaxie et affronter de redoutables ennemis. Mais comment tirer une fillette des griffes de son propre père ?
",http://books.google.com/books/publisher/content?id=V8SGAQAAQBAJ&printsec=frontcover&img=1&zoom=1&imgtk=AFLRE728AhYEc1b3q8UvoB6nZcJia9aprzsL5i1jA9qfurOaCK7Nb0vqRzpxQRyWco9F-hbkJkEDOJYELZlXrSHMvduXNNzZ2hKZhYK39qfSOLCv4Nv9rA4wvnN6o0yUEciWCokBl8p_&fife=w1000-h1000,http://books.google.com/books/publisher/content?id=V8SGAQAAQBAJ&printsec=frontcover&img=1&zoom=1&imgtk=AFLRE728AhYEc1b3q8UvoB6nZcJia9aprzsL5i1jA9qfurOaCK7Nb0vqRzpxQRyWco9F-hbkJkEDOJYELZlXrSHMvduXNNzZ2hKZhYK39qfSOLCv4Nv9rA4wvnN6o0yUEciWCokBl8p_&fife=w1000-h1000,,3.645251183536465,352,,fr,,,,Mass effect,2,,,,"Betsch,Éric;Corp,Bioware;Karpyshyn,Drew",,,,Bragelonne,Science Fiction,Space Opéra|||#0091FF,read,2024-10-22,2024-11-01
2025-01-22,2025-02-16,E654CA93-D5EC-446E-9350-7FD644D8A3AC,OY2JAQAAQBAJ,GOOGLE_BOOKS,"Mass Effect, T3 : Rétorsion",,http://books.google.fr/books?id=OY2JAQAAQBAJ&hl=&source=gbs_api,NOT_OWNED,EBOOK,2820504884,9782820504883,2012-04-19,,,,,"Paul Grayson, ancien agent de Cerberus a disparu. Kahlee Sanders et David Anderson doivent le retrouver. Ensemble, ils partent à la recherche de la base secrète de Cerberus où Grayson est retenu prisonnier. Mais ils ne sont pas seuls dans cette quête, et le temps ne joue pas en leur faveur",http://books.google.com/books/publisher/content?id=OY2JAQAAQBAJ&printsec=frontcover&img=1&zoom=1&imgtk=AFLRE71Tawr4YidQSAxG78pbfWU7KNWeUU_B69hffhaTP1tqO5XsMpGEkg6TU8_BldACFa-DKmXuiWgU6nN2MbpZPSbchcQoqVat9x6-pnBpkCAfZmbL26tuokRbDXkx3QRRKygvG8Gi&fife=w1000-h1000,http://books.google.com/books/publisher/content?id=OY2JAQAAQBAJ&printsec=frontcover&img=1&zoom=1&imgtk=AFLRE71Tawr4YidQSAxG78pbfWU7KNWeUU_B69hffhaTP1tqO5XsMpGEkg6TU8_BldACFa-DKmXuiWgU6nN2MbpZPSbchcQoqVat9x6-pnBpkCAfZmbL26tuokRbDXkx3QRRKygvG8Gi&fife=w1000-h1000,,,416,,fr,,,,,,,,,"Betsch,Éric;Corp,Bioware;Karpyshyn,Drew",,,,Bragelonne,Fiction;General;Science Fiction,,read,2025-01-30,2025-02-04
2024-10-10,2025-02-07,55BC8936-4550-49AE-A6F2-AC6AE436F4AF,231599,GOODREADS,"Mass Effect: Revelation (Mass Effect, #1)",,https://www.goodreads.com/book/show/231599.Mass_Effect,BOOKSHELF,EBOOK,034549816X,9780345498168,,,,,,"Every advanced society in the galaxy relies on the technology of the Protheans, an ancient species that vanished fifty thousand years ago. After discovering a cache of Prothean technology on Mars in 2148, humanity is spreading to the stars; the newest interstellar species, struggling to carve out its place in the greater galactic community.

On the edge of colonized space, ship commander and Alliance war hero David Anderson investigates the remains of a top secret military research station; smoking ruins littered with bodies and unanswered questions. Who attacked this post and for what purpose? And where is Kahlee Sanders, the young scientist who mysteriously vanished from the base hours before her colleagues were slaughtered?

Sanders is now the prime suspect, but finding her creates more problems for Anderson than it solves. Partnered with a rogue alien agent he can't trust and pursued by an assassin he can't escape, Anderson battles impossible odds on uncharted worlds to uncover a sinister conspiracy . . . one he won't live to tell about. Or so the enemy thinks.",https://i.gr-assets.com/images/S/compressed.photo.goodreads.com/books/1661028087l/231599._SY160_.jpg,https://i.gr-assets.com/images/S/compressed.photo.goodreads.com/books/1661028087l/231599._SY160_.jpg,3.72,3.7430163335533777,323,,,2025-02-07,0,,Mass effect,1,,,,"Karpyshyn,Drew",,,,,,,read,2024-09-08,2024-10-06
2024-12-23,2024-12-23,3C08CB6F-716C-4780-9DC3-F422C559E381,6C4C9DBB-0192-4D81-AF55-CBDE50FCAA7D,ISBNDB,Métronome,,,WISHLIST,EBOOK,2266251953,9782266251952,2014-06-05,,,,,"Saviez-vous que la Lutèce des origines ne se situait pas sur l'île de la Cité, mais à Nanterre ? Que les derniers combattants gaulois massacrés par les Romains reposent sous la tour Eiffel ? Que les vestiges de la première cathédrale de Paris se trouvent sous un parking du Ve arrondissement ?<br/>Suivez Lorànt Deutsch le long des rues où se cachent des trésors insoupçonnés. Une promenade captivante, où défilent seigneurs alliés et princes rebelles, et tout ce qui a forgé le pays. Vous verrez s'ériger des murailles contre l'envahisseur, s'agiter l'Église, s'imposer les marchands, s'ébrouer les artistes, le peuple de Paris se soulever – violent, sanglant, emblématique –, et se construire ainsi toute l'Histoire de France.<br/><br/>"" Un récit enlevé de l'Histoire de France vue de Paris, entre vulgarisation et effluves d'une réelle érudition. "" Libération",https://images.isbndb.com/covers/24464263482994.jpg,https://images.isbndb.com/covers/24464263482994.jpg,,,432,,fr,,,,,,,,,"Deutsch,Lorànt;Haymann,Emmanuel",,,,POCKET,Europe;France;History,,unread,,
2025-01-27,2025-01-27,70487930-DE66-4DD4-959B-B09FBCA500C4,JyMggSQPRoEC,GOOGLE_BOOKS,Millénium 1 - Les hommes qui n'aimaient pas les femmes,Millénium 1,http://books.google.fr/books?id=JyMggSQPRoEC&hl=&source=gbs_api,BOOKSHELF,AUDIOBOOK,2742798234,9782742798230,,,,,,"Contraint d'abandonner son poste de rédacteur pour avoir diffamé un requin de la finance, Mikael Blomkvist est bientôt associé à Lisbeth Salander, jeune femme rebelle et fouineuse, pour travailler avec Henrik Vanger, un industriel désireux de faire la lumière sur la disparition, vieille de plus de trente ans, de sa petite nièce, au cours d'une réunion familiale... Le premier volet de la série culte.",http://books.google.com/books/content?id=JyMggSQPRoEC&printsec=frontcover&img=1&zoom=1&imgtk=AFLRE7001zlrLyQ3iLTeK5Pq7pC8sTpAus5QS08wN4vbywE9pBp43IgiHnsrLp1MRqzEvztEhlCE5gJFRCb6ES4uMsSZ1eSmIt4Wlo_582IBfXNcQDNGFsmfwjNrcLVPb3tCS0NMgv4i&fife=w1000-h1000,http://books.google.com/books/content?id=JyMggSQPRoEC&printsec=frontcover&img=1&zoom=1&imgtk=AFLRE7001zlrLyQ3iLTeK5Pq7pC8sTpAus5QS08wN4vbywE9pBp43IgiHnsrLp1MRqzEvztEhlCE5gJFRCb6ES4uMsSZ1eSmIt4Wlo_582IBfXNcQDNGFsmfwjNrcLVPb3tCS0NMgv4i&fife=w1000-h1000,5.0,,576,1073,fr,,,,,,,,,"Larsson,Stieg",,,,Actes Sud Littérature,Crime;Espionage;Fiction;Suspense;Thrillers,,unread,,
2024-10-15,2024-10-16,AEFACD6D-C9ED-42F6-B5E3-604DFE4DFCB7,dqF-EAAAQBAJ,GOOGLE_BOOKS,Mona Lisa disjoncte,,http://books.google.fr/books?id=dqF-EAAAQBAJ&hl=&source=gbs_api,WISHLIST,EBOOK,,9791030705645,,,,,,"« UN SECRÉTAIRE VÊTU DE NOIR ÉTAIT VENU LUI APPORTER LE FANTÔME, CADEAU D'ADIEU DE SON PÈRE, DANS UNE SALLE D'EMBARQUEMENT DE NARITA. » Trois femmes que tout sépare, Sally, ancienne mercenaire, Mona, prostituée et Angie superstar, se retrouvent autour de l'Aleph, fantastique instrument de pouvoir... Après Neuromancien et Comte zero, Mona Lisa disjoncte conclut une trilogie qui a révolutionné la science-fiction",http://books.google.com/books/publisher/content?id=dqF-EAAAQBAJ&printsec=frontcover&img=1&zoom=1&imgtk=AFLRE71i_3F1bUF2JM4otqcB3vMPFzyxJbVD2idQPFwEH5JJdnnI602rProQ85dQzpcAbnxu_2kLOjPTTEyVHsp54WC1nWZ9kurmWS99B_SPJefnNG10pS1LymrpvybE5Zsq2tw9q9iy&fife=w1000-h1000,http://books.google.com/books/publisher/content?id=dqF-EAAAQBAJ&printsec=frontcover&img=1&zoom=1&imgtk=AFLRE71i_3F1bUF2JM4otqcB3vMPFzyxJbVD2idQPFwEH5JJdnnI602rProQ85dQzpcAbnxu_2kLOjPTTEyVHsp54WC1nWZ9kurmWS99B_SPJefnNG10pS1LymrpvybE5Zsq2tw9q9iy&fife=w1000-h1000,,,302,,fr,,,,Trilogie de la Conurb,3,,,,"GIBSON,William",,,,Au diable vauvert,Dystopian;Science Fiction,Cyberpunk|||#DB34F2,unread,,
2025-12-24,2025-12-24,65F64F98-C175-4C62-9C46-A7438337C1FB,F2FEA685-03EF-440C-879C-3A75631A1B96,ISBNDB,Monstrueux,,,NOT_OWNED,EBOOK,2021482693,9782021482690,2020-01-01,,,,,"« D’une omniscience à faire peur, Natsuo Kirino sait non seulement ce que chacun fait, mais, pire, ce que chacun pense.» Greg Tate, The Village Voice Deux prostituées, Yuriko et Kazue, viennent d’être assassinées à Tokyo. Vingt ans plus tôt, les deux femmes étaient éduquées au lycée pour jeunes filles de K., un des établissements les plus réputés de la ville. Elles étaient jeunes et l’avenir qui les attendait ne pouvait être que radieux dans une société japonaise qui leur ouvrait les bras. Sauf que la vie n’obéit pas forcément au destin qu’on aimerait lui faire suivre. Cruauté, humour glacial et descriptions sans pitié, Monstreux est un thriller qui hante son lecteur bien après qu’il en a tourné la dernière page. Auteur, entre autres ouvrages, de Disparitions et de Out, couronné par le Grand Prix de Littérature policière du Japon, Natsuo Kirino a commencé à écrire 1984. Elle n’a cessé depuis lors de remporter prix sur prix : Edogawa Rampo, Naoki, Shibata Renzaburo, Fujinkoron, etc. Traduit de l’anglais par Vincent Delezoide",https://images.isbndb.com/covers/20235373482907.jpg,https://images.isbndb.com/covers/20235373482907.jpg,,,717,,fr,,,,,,,,,"Kirino,Natsuo",,,,Editions du Seuil,Crime;Fiction;Thrillers,Féminisme|||#0091FF;Japon|||#0091FF,to-read,,
2024-10-15,2025-01-27,503F8B60-0368-4660-878C-B0CA68BCBA89,ngr5DwAAQBAJ,GOOGLE_BOOKS,Neuromancien,,http://books.google.fr/books?id=ngr5DwAAQBAJ&hl=&source=gbs_api,BOOKSHELF,AUDIOBOOK,,9791030703924,2020-10-01,,,,,"Case est le meilleur cow-boy des interfaces, un hacker lâché sur les autoroutes du cyberespace, le seul qui ait jamais traversé la matrice avant de rencontrer les mauvaises personnes au mauvais moment... Première grande dystopie sociale aux côtés du Blade Runner de Philip K. Dick, un chef d’oeuvre prémonitoire, fondateur de la SF moderne. « Kaléidoscopique, picaresque, flashy, décadent... une incroyable performance, virtuose. » Washington Post « L’un des plus fameux bouquins du corpus SF dans son ensemble. » Olivier Girard, Bifrost « S’inspirant des contre-cultures, Gibson signe des romans de science-fiction visionnaires. » Le Monde",http://books.google.com/books/publisher/content?id=ngr5DwAAQBAJ&printsec=frontcover&img=1&zoom=1&imgtk=AFLRE70tssa2YNOS-er6eAogHTsaTpSWow5XNbregtPNqropJWNKEBI0VqP93j1FjZkYcnRRuERiXHIRnvJR0E4V6ql2qKHFVvaHO9JJdgK4Q642LjnDcnp_V7Tvg3LfoXfyXE0-UXdv&fife=w1000-h1000,http://books.google.com/books/publisher/content?id=ngr5DwAAQBAJ&printsec=frontcover&img=1&zoom=1&imgtk=AFLRE70tssa2YNOS-er6eAogHTsaTpSWow5XNbregtPNqropJWNKEBI0VqP93j1FjZkYcnRRuERiXHIRnvJR0E4V6ql2qKHFVvaHO9JJdgK4Q642LjnDcnp_V7Tvg3LfoXfyXE0-UXdv&fife=w1000-h1000,,,298,592,fr,2024-11-20,0,,Trilogie de la Conurb,1,,,,"GIBSON,William",,,,Au diable vauvert,Dystopian;Science Fiction,Cyberpunk|||#DB34F2,read,2025-12-05,2025-12-23
2025-12-24,2026-06-09,9E5BA5F5-4796-40FA-9B5B-30EA1160B7B9,FECC4337-9996-4B8D-853A-2EB95F6DA26B,ISBNDB,Out,,,NOT_OWNED,EBOOK,2021482669,9782021482669,2020-01-01,,,,,"Toutes les nuits, quatre femmes - Masako, Yoshié, Kuniko
et Yayoi - remplissent des paniers-repas dans une usine
de Tôkyô. Différentes, elles le sont, mais elles ont un
point commun : qu'ils boivent, les trompent, les battent
ou les abandonnent, leurs maris les traitent
comme des objets sans intérêt maintenant qu'elles
ont vieilli. Toutes vivent le malheur d'être femmes
dans un pays qui leur reconnaît peu de droits. Un
jour, ce qui devait arriver arrive : l'une d'entre
elles, Yayoi, finit par étrangler son mari, Kenji.
Pendant ce temps, l'ex-nervi Mitsuyoshi
Sataké refuse l'amour d'une de ses entraîneuses.
Et se trouve pris dans la spirale
d'horreurs qui suit le meurtre de Kenji.
Ainsi est lancée la dynamique terrifiante qui
verra ces cinq personnages s'affronter dans une
lutte à mort pour la liberté, l'amour, le pouvoir et l'argent.
",https://images.isbndb.com/covers/20235163482907.jpg,https://images.isbndb.com/covers/20235163482907.jpg,,,592,,fr,,,,,,,,,"Kirino,Natsuo",,,,Seuil,Crime;Fiction;Thrillers,Féminisme|||#0091FF;Japon|||#0091FF,read,2026-06-09,2026-06-09
2024-10-16,2024-10-16,6EB9063E-9C0D-42BC-B8EA-14231B3AA197,lwJJzQEACAAJ,GOOGLE_BOOKS,Périphériques,,http://books.google.fr/books?id=lwJJzQEACAAJ&hl=&source=gbs_api,WISHLIST,EBOOK,,9791030702132,2020-01-01,,,,,"""Flynne Fischer et son frère Burton, un vétéran, vivent dans une petite ville isolée des États-Unis, durement touchée par le chômage. Indemnisé pour les dommages neurologiques causés par les implants qui lui ont été posés durant son service dans les forces d'élite, Burton travaille secrètement comme testeur d'un jeu cybernétique. Un jour, devant s'absenter, il demande à sa sœur de le remplacer.""--BANQ.",,,,,610,,fr,,,,The Jackpot Trilogy,,,,,"Gibson,William",,,,Au Diable Vauvert,Dystopian;Science Fiction,Cybernétique |||#DB34F2;Monde virtuel |||#00DAC3;Politique|||#0091FF,unread,,
2024-10-15,2024-10-15,5B6F22BE-4EB9-4BE6-9C8F-04988DF91B6F,njpnDwAAQBAJ,GOOGLE_BOOKS,Piranhas,,http://books.google.fr/books?id=njpnDwAAQBAJ&hl=&source=gbs_api,BOOKSHELF,AUDIOBOOK,2072754089,9782072754081,,,,,,"Naples, quartier de Forcella. Nicolas Fiorillo vient de donner une leçon à un jeune homme qui a osé liker des photos de sa copine sur les réseaux sociaux. Pour humilier son ennemi, Nicolas n’est pas venu seul, il s’est entouré de sa bande, sa paranza : ils ont entre dix et dix-huit ans, ils se déplacent à scooter, ils sont armés et fascinés par la criminalité et la violence. Leurs modèles sont les super-héros et les parrains de la camorra. Leurs valeurs, l’argent et le pouvoir. Ils ne craignent ni la prison ni la mort, mais une vie ordinaire comme celle de leurs parents. Justes et injustes, bons et mauvais, peu importe. La seule distinction qui vaille est celle qui différencie les forts et les faibles. Pas question de se tromper de côté : il faut fréquenter les bons endroits, se lancer dans le trafic de drogue, occuper les places laissées vacantes par les anciens mafieux et conquérir la ville, quel qu’en soit le prix à payer. Après le succès international de Gomorra et d’Extra pure, Roberto Saviano consacre son premier roman, Piranhas, à un nouveau phénomène criminel napolitain : les baby-gangs. À travers une narration haletante, ce roman inspiré de la réalité nous montre un univers sans concession, dont la logique subjacente n’est pas si différente de celle qui gouverne notre société contemporaine.",http://books.google.com/books/publisher/content?id=njpnDwAAQBAJ&printsec=frontcover&img=1&zoom=1&imgtk=AFLRE712cYaFDspQFGR855HIs-RLFeZ1NYNo9tZFmYMxiwSGAAgmyrS3g5uKin2Z_0k9lZUwiqy3feT2XDKa1wgwY3X-wyObZvE_IgH7es4-3DY_zT055eEwDdHNrotPxFTIR1-D853E&fife=w1000-h1000,http://books.google.com/books/publisher/content?id=njpnDwAAQBAJ&printsec=frontcover&img=1&zoom=1&imgtk=AFLRE712cYaFDspQFGR855HIs-RLFeZ1NYNo9tZFmYMxiwSGAAgmyrS3g5uKin2Z_0k9lZUwiqy3feT2XDKa1wgwY3X-wyObZvE_IgH7es4-3DY_zT055eEwDdHNrotPxFTIR1-D853E&fife=w1000-h1000,,,368,,fr,,,,,,,,,"Saviano,Roberto",,,,Editions Gallimard,Fiction;General,Mafia|||#8E8E93,read,2023-10-15,2023-10-15
2024-10-16,2024-10-16,FDAED45F-C625-4B80-A19F-681F53E00400,8101663,GOODREADS,Pirates,,https://www.goodreads.com/book/show/8101663-pirates,WISHLIST,EBOOK,2221115155,9782221115152,,,,,,"1665, la Jamaïque est une petite colonie britannique perdue au milieu des possessions de l'Empire espagnol. Port Royal, capitale de l'île, n'est pas un endroit où s'établir si l'on veut vivre centenaire: c'est un véritable coupe-gorge où se bousculent aventuriers, loups de mer, filles de mauvaise vie et autres repris de justice. Du point de vue du capitaine Edward Hunter, cependant, la vie sur l'île est riche de promesses. Il faut juste s'y entendre un peu en matière de piraterie... La rumeur circule justement qu'un navire chargé d'or est à quai dans le port voisin de Matanceros. Gouvernée par le sanguinaire Cazalla, l'un des chefs militaires favoris du roi d'Espagne, l'île est réputée imprenable. Qu'à cela ne tienne! Hunter met rapidement sur pied une équipe pour s'emparer du galion. Une femme pirate, fine gâchette dotée de la meilleure vue des Caraïbes, un ancien esclave, muet doué d'une force herculéenne, un vieillard paranoïaque expert en explosifs, et le plus remarquable barreur du Nouveau Monde seront ses compagnons de voyage...",https://i.gr-assets.com/images/S/compressed.photo.goodreads.com/books/1491134932l/8101663._SX98_.jpg,https://i.gr-assets.com/images/S/compressed.photo.goodreads.com/books/1491134932l/8101663._SX98_.jpg,3.5,,302,,,,,,,,,,,"Crichton,Michael",,,,,Aventure;Fiction historique,,unread,,
2025-10-02,2025-10-02,06930C02-1612-4572-8432-D62204DC9BD0,-lnWEAAAQBAJ,GOOGLE_BOOKS,Pluto - Tome 1,,http://books.google.fr/books?id=-lnWEAAAQBAJ&hl=&source=gbs_api,WISHLIST,EBOOK,2505127352,9782505127352,,,,,,"Dans un monde futuriste où les robots vivent comme des humains, des crimes mystérieux se succèdent. Des robots et des chercheurs renommés sont assassinés dans des circonstances très étranges. 

Toutes les victimes sont retrouvées avec un ornement en forme de cornes sur leur tête. Gesicht, un inspecteur robot, est chargé de l'affaire. Il découvre que les victimes sont des vétérans du dernier conflit d'Asie centrale, et que les robots visés sont les sept robots les plus puissants de la planète, dont il fait lui-même partie ! 

L'inspecteur Gesicht part alors à la rencontre des personnes et robots menacés pour tenter de les protéger du danger.
",http://books.google.com/books/publisher/content?id=-lnWEAAAQBAJ&printsec=frontcover&img=1&zoom=1&imgtk=AFLRE72x9h2v7fOnpW7GQHJij-ipxskIhnTbiTAf9PRwCxzPzy8AyexGvcHGeRn213HdN987xkx5P0VhIQBXJLBAPs3XpVs18fqmYdjNrXDar-nj1-XraoQ0Jnmqd1r4u4v8-utjeFAJ&fife=w1000-h1000,http://books.google.com/books/publisher/content?id=-lnWEAAAQBAJ&printsec=frontcover&img=1&zoom=1&imgtk=AFLRE72x9h2v7fOnpW7GQHJij-ipxskIhnTbiTAf9PRwCxzPzy8AyexGvcHGeRn213HdN987xkx5P0VhIQBXJLBAPs3XpVs18fqmYdjNrXDar-nj1-XraoQ0Jnmqd1r4u4v8-utjeFAJ&fife=w1000-h1000,,,202,,fr,,,,Pluto,1,,,,"Nagasaki,Takashi;Tezuka,Osamu;Urasawa,Naoki",,,,Kana,Manga;Science Fiction;Seinen,Seinen|||#0091FF,unread,,
2024-10-15,2024-10-15,D08D4925-E9FC-46DB-B2E6-0885E4F7C401,EXr_CQAAQBAJ,GOOGLE_BOOKS,Reborn - Tome 01,Reborn débarque !,http://books.google.fr/books?id=EXr_CQAAQBAJ&hl=&source=gbs_api,BOOKSHELF,PAPERBACK,2331018162,9782331018169,2015-06-26,,,,,"Reborn, qui a l'apparence d'un bébé, est un tueur envoyé par le boss de la famille Vongola, une puissante organisation mafieuse, en quête de successeur, il se rend au Japon pour devenir le tuteur de Tsunayoshi Sawada, un lycéen malchanceux, loser et minable, amoureux transi de la belle Kyoko, une camarade classe. Lorsque Tsuna découvre que Reborn a été engagé par sa mère pour le faire entrer à luniversité, il est scandalisé et choqué de voir qu'il s'agit d'un bébé ! Mais il n'est pas au bout de ses surprises lorsque Reborn sort un revolver, le met en joue, et appuie sur la gâchette ! Abattu d'une balle en plein front, Tsuna s'écroule en regrettant de ne pas s'être déclaré à Kyoko avant de mourir. C'est alors que...

Reborn est la dernière série à succès du Shônen Jump. Avec ses personnages farfelus, son humour incessant et son concept de résurrection délirant, le manga d'Amano est déjà promis à un succès phénoménal.",http://books.google.com/books/publisher/content?id=EXr_CQAAQBAJ&printsec=frontcover&img=1&zoom=1&imgtk=AFLRE72fnvufVwEzwDpuvoXNKa09gJQpTymKWe42IDCPM95zIUxJWhLKVDq3Otp3KjEgqcvwIb28nxbnOhjBtdkRsxJq-KVw9x5BwLkQmtw8pT1shSuQ_f6ep7qK50MhFzWQKrP3E3DY&fife=w1000-h1000,http://books.google.com/books/publisher/content?id=EXr_CQAAQBAJ&printsec=frontcover&img=1&zoom=1&imgtk=AFLRE72fnvufVwEzwDpuvoXNKa09gJQpTymKWe42IDCPM95zIUxJWhLKVDq3Otp3KjEgqcvwIb28nxbnOhjBtdkRsxJq-KVw9x5BwLkQmtw8pT1shSuQ_f6ep7qK50MhFzWQKrP3E3DY&fife=w1000-h1000,,,192,,fr,,,,Reborn!,,,,,"Amano,Akira",,,,Glénat Manga,Manga,,to-read,,
2025-02-19,2025-02-19,FC1CCED8-34B3-421B-8F78-214374F2AC49,BAE95B60-16B1-4237-9959-19487449D69A,ISBNDB,"Red Rising, tome 1",,,WISHLIST,EBOOK,2010003691,9782010003691,2015-01-01,,,,,"« J’aurais pu vivre en paix. Mes ennemis m’ont jeté dans la guerre. »   Darrow n’est pas un héros. Tout ce qu’il souhaite, c’est vivre heureux avec l’amour de sa vie. Mais les Ors, les dirigeants de la Société, en ont décidé autrement. Ils lui ont tout enlevé : sa raison de vivre, ses certitudes, jusqu’à son reflet dans le miroir. Darrow n’a plus d’autre choix que de devenir comme ceux qui l’écrasent. Pour mieux les détruire. Il va être accepté au légendaire Institut, y être formé avec l’élite des Ors, dans un terrain d’entraînement grandeur nature. Sauf que même ce paradis est un champ de bataille. Un champ de bataille où règnent deux règles : tuer ou être tué, dominer ou être dominé.   ÉLU MEILLEUR PREMIER ROMAN 2014 PAR LES LECTEURS DE GOODREADS ET BUZZFEED.",https://images.isbndb.com/covers/17788543482903.jpg,https://images.isbndb.com/covers/17788543482903.jpg,,,463,,fr,,,,Red Rising,1,,,,"Brown,Pierce",,,,Hachette Romans,Science Fiction,Dystopie|||#FF375F;Fantasy|||#FF9230,unread,,
2025-08-31,2025-08-31,5733EC0E-91E4-4DCE-80FE-3B54B7336DE9,g_zw0AEACAAJ,GOOGLE_BOOKS,Résister,,http://books.google.fr/books?id=g_zw0AEACAAJ&hl=&source=gbs_api,NOT_OWNED,PAPERBACK,2228937592,9782228937597,2024-01-01,,,,,"« L'extrême droite est aux portes du pouvoir. Dans les urnes comme dans les esprits, ses thèmes, son narratif et son vocabulaire s'imposent. Il est encore temps d'inverser cette tendance, à condition de comprendre les rouages de cette progression et de réagir rapidement. »--Quatrième de couverture.",,,,,142,,fr,,,,,,,,,"Saqué,Salomé",,,,Payot,,Politique|||#0091FF,read,2025-08-31,2025-09-01
2025-08-21,2025-08-30,1421DF2F-8E9B-472D-A19A-D2AB12693594,LkVazgEACAAJ,GOOGLE_BOOKS,Sang chaud,,http://books.google.de/books?id=LkVazgEACAAJ&hl=&source=gbs_api,BOOKSHELF,PAPERBACK,2757886185,9782757886182,2021-03-11,,,,,"1993. Busan, grand port de Corée du Sud, étale ses quartiers où le découpage de territoires entre divers clans de la pègre locale s'est fait selon des accords toujours fragiles. Huisu, homme de main pour la mafia de Busan, atteint la quarantaine avec pas mal de questions. Jusque-là, il n'a vécu que pour les coups tordus, la prison et les exécutions. Il est temps pour lui de prendre certaines résolutions. Avec un solide couteau de cuisine dans son poing serré.",,,,4.148044479625851,519,,fr,,,,,,,,,"Un-Su,Kim",,,,Points,,Corée |||#0091FF;Mafia|||#8E8E93,read,2025-08-21,2025-08-30
2026-06-09,2026-06-18,2867EB5D-981C-4820-8974-A285A08E324B,2D7DE1ED-63CF-42BC-9E2B-36479AA1DC0B,ISBNDB,Strange pictures,,,NOT_OWNED,PAPERBACK,2021578100,9782021578102,2025-01-10,,,,,"Un blog inquiétant, un enfant qui disparaît, un cadavre massacré, une jeune fille dans un centre de redressement... Quelle vérité choquante se dissimule dans ces ""étranges images"" ?",https://images.isbndb.com/covers/21189493482907.jpg,https://images.isbndb.com/covers/21189493482907.jpg,,,287,,fr,,,,,,,,,Uketsu,,,,Seuil,Arborist Merchandising Root;Genre Fiction;Horror;Literature & Fiction;Self Service,,read,2026-06-09,2026-06-18
2025-01-25,2025-01-25,6CE9D05A-9A68-485C-858A-B65DAD164DA7,7qlTmwEACAAJ,GOOGLE_BOOKS,Substance mort,,http://books.google.fr/books?id=7qlTmwEACAAJ&hl=&source=gbs_api,WISHLIST,EBOOK,2070415775,9782070415779,2000-01-01,,,,,"""Dans une Amérique imaginaire livrée à l'effacement des singularités et à la paranoïa technologique, les derniers survivants de la contre-culture des années 60 achèvent de brûler leur cerveau au moyen de la plus redoutable des drogues, la Substance Mort. Dans cette Amérique plus vraie que nature, Fred, qui travaille incognito pour la brigade des stups, le corps dissimulé sous un ""complet brouillé"", est chargé par ses supérieurs d'espionner Bob Arctor, un toxicomane qui n'est autre que lui-même. Un voyage sans retour au bout de la schizophrénie, une plongée glaçante dans l'enfer des paradis artificiels."" [Source : 4e de couv.]",http://books.google.com/books/content?id=7qlTmwEACAAJ&printsec=frontcover&img=1&zoom=1&imgtk=AFLRE71JCv6gqHzuu6yE_DJOcQk77nJv_JFqJXLZh3alIsjRphFDNsgkPHRSIc-8BLjZOHrnvUaWYE_9zvj6Im0Z7nZ8iKGXSMLPOQYoP3kNqjAzvKey0IEHuiNQwLLhI9GoJUV_qStS&fife=w1000-h1000,http://books.google.com/books/content?id=7qlTmwEACAAJ&printsec=frontcover&img=1&zoom=1&imgtk=AFLRE71JCv6gqHzuu6yE_DJOcQk77nJv_JFqJXLZh3alIsjRphFDNsgkPHRSIc-8BLjZOHrnvUaWYE_9zvj6Im0Z7nZ8iKGXSMLPOQYoP3kNqjAzvKey0IEHuiNQwLLhI9GoJUV_qStS&fife=w1000-h1000,,,395,,fr,,,,,,,,,"Dick,Philip K.",,,,Denoël,Fiction;General;Science Fiction,,unread,,
2024-10-15,2025-10-20,55E06A7E-C906-4ED8-B870-C6E18E4168D7,UWmGAQAAQBAJ,GOOGLE_BOOKS,"Takeshi Kovacs, T1 : Carbone modifié",,http://books.google.fr/books?id=UWmGAQAAQBAJ&hl=&source=gbs_api,NOT_OWNED,EBOOK,2820500153,9782820500151,2020-03-11,,,,,"Dans un avenir pas si lointain, la mort n'est plus définitive : vous pouvez sauvegarder votre conscience et vos souvenirs et les réimplanter dans un nouveau corps. De fait, pour Takeshi Kovacs, mourir n'est plus qu'un accident de parcours : il a déjà été tué plusieurs fois. C'étaient les risques du métier dans les Corps diplomatiques, les troupes d'élite du Protectorat des Nations unies expédiées à travers la galaxie. Mais cette fois, on le ramène sur Terre pour mener l'enquête : un riche magnat veut élucider sa propre mort. La police a conclu au suicide. Or, pourquoi se suicider quand on sauvegarde son esprit tous les jours, certain de revenir parmi les vivants ?
",http://books.google.com/books/publisher/content?id=UWmGAQAAQBAJ&printsec=frontcover&img=1&zoom=1&imgtk=AFLRE73MgA7duLjFzfLfoo2--pod6pPlCknHNbrkw0ck22ECHNItIYg7nuAVTILUcGO-diRu24G7eHoEjpxdpFaXac_g-xDzxKE6ZLShNJU_yeuYSVWnqy9WToxbVtDThCo6zqV7DKPN&fife=w1000-h1000,http://books.google.com/books/publisher/content?id=UWmGAQAAQBAJ&printsec=frontcover&img=1&zoom=1&imgtk=AFLRE73MgA7duLjFzfLfoo2--pod6pPlCknHNbrkw0ck22ECHNItIYg7nuAVTILUcGO-diRu24G7eHoEjpxdpFaXac_g-xDzxKE6ZLShNJU_yeuYSVWnqy9WToxbVtDThCo6zqV7DKPN&fife=w1000-h1000,,3.9626999231117646,576,,fr,,,,Altered Carbon,,,,,"Ange;Mcgrath,Christian;Morgan,Richard;Wall,Dave",,,,Bragelonne,Science Fiction,Cyberpunk|||#DB34F2,read,2025-09-13,2025-10-20
2024-10-15,2025-10-24,2AF05F60-0242-4051-9AD2-E3563BF3E71D,NXaGAQAAQBAJ,GOOGLE_BOOKS,"Takeshi Kovacs, T2 : Anges déchus",,http://books.google.fr/books?id=NXaGAQAAQBAJ&hl=&source=gbs_api,NOT_OWNED,EBOOK,2820500161,9782820500168,2018-05-16,,,,,"Réenveloppé dans un corps conçu pour le combat tactique, Takeshi Kovacs est désormais un mercenaire engagé dans une guerre sanglante qui ravage la planète Sanction IV. Kovacs profite du conflit pour rejoindre un petit groupe qui essaie de s'approprier une découverte archéologique inestimable. Et, de fait, il est propulsé dans un maelström d'intrigues et de trahisons en comparaison duquel le conflit qu'il vient de quitter fait pâle figure. En effet, toutes les corporations tueraient pour cette découverte. Car elle risque de signifier la fin de l'humanité ou le début d'une nouvelle ère. Or dans ce XXVIIe siècle d'une humanité ravagée par la violence, les hommes sont bien mal préparés à l'héritage qui s'offre soudain à eux: les étoiles!
",http://books.google.com/books/publisher/content?id=NXaGAQAAQBAJ&printsec=frontcover&img=1&zoom=1&imgtk=AFLRE70oMLKcQIjqiIMrNMWxVUvgVGcPlFDaCKrGkzszNy72G8FuAcADFHbSuEaMIjohD46SEcNuHQt1ze1H6WU9ZQTk2kmVhjUVgF7-tWoGQ_9U1LX8v84qCuQXXSdx2puLsl1gnsZL&fife=w1000-h1000,http://books.google.com/books/publisher/content?id=NXaGAQAAQBAJ&printsec=frontcover&img=1&zoom=1&imgtk=AFLRE70oMLKcQIjqiIMrNMWxVUvgVGcPlFDaCKrGkzszNy72G8FuAcADFHbSuEaMIjohD46SEcNuHQt1ze1H6WU9ZQTk2kmVhjUVgF7-tWoGQ_9U1LX8v84qCuQXXSdx2puLsl1gnsZL&fife=w1000-h1000,,,608,,fr,,,,Altered Carbon,,,,,"Mcgrath,Christian;Morgan,Richard;Perdereau,Cédric",,,,Bragelonne,Science Fiction,Cyberpunk|||#DB34F2,read,2025-10-24,2025-12-24
2024-10-15,2024-10-15,427DFA6B-CB58-4DE8-88B1-B6B7539228BA,YYqHAQAAQBAJ,GOOGLE_BOOKS,"Takeshi Kovacs, T3 : Furies déchaînées",,http://books.google.fr/books?id=YYqHAQAAQBAJ&hl=&source=gbs_api,WISHLIST,EBOOK,282050017X,9782820500175,2018-05-16,,,,,"Takeshi Kovacs crie vengeance ! Il a déclaré la guerre aux extrémistes religieux de la Nouvelle Apocalypse et est bien décidé à les éliminer jusqu'au dernier. À peine de retour sur son monde natal, Harlan la planète océan, Kovacs est jeté dans un ouragan d'intrigues politiques et de mystères technologiques tandis que les fantômes de son propre passé de violence se rappellent à lui. Quellcrist Falconer, leader révolutionnaire, serait revenue d'entre les morts ! Et qui lance-t-on à ses trousses? Une réplique illégale de Kovacs, en hibernation depuis deux cents ans, qui ne compte pas partager sa nouvelle existence avec un sosie criminel sur le retour. Dans ce chaos, une chose est sûre: un certain Takeshi Kovacs va devoir mourir. Pour de bon.
",http://books.google.com/books/publisher/content?id=YYqHAQAAQBAJ&printsec=frontcover&img=1&zoom=1&imgtk=AFLRE73jvsrLVJK6v2cD7WAya3ZxYrKzMt6wQlYKqBx7Z2i_yLwMvhdatnRw65F-BUFF9SL_rJHY3UmRAGCBDXgQXjvIO1zdLHdi62Xnt1XLU_kia_SeZthrcUKZbXY8Su-LeIYvf7-M&fife=w1000-h1000,http://books.google.com/books/publisher/content?id=YYqHAQAAQBAJ&printsec=frontcover&img=1&zoom=1&imgtk=AFLRE73jvsrLVJK6v2cD7WAya3ZxYrKzMt6wQlYKqBx7Z2i_yLwMvhdatnRw65F-BUFF9SL_rJHY3UmRAGCBDXgQXjvIO1zdLHdi62Xnt1XLU_kia_SeZthrcUKZbXY8Su-LeIYvf7-M&fife=w1000-h1000,,,672,,fr,,,,Altered Carbon,,,,,"Morgan,Richard;Perdereau,Cédric",,,,Bragelonne,Science Fiction,Cyberpunk|||#DB34F2,unread,,
2024-10-15,2024-10-16,4F718B1B-C47F-4275-A2F5-0F129176A491,9X2nmgEACAAJ,GOOGLE_BOOKS,The city & the city,,http://books.google.fr/books?id=9X2nmgEACAAJ&hl=&source=gbs_api,NOT_OWNED,EBOOK,2266239724,9782266239721,2013-01-01,,,,,"Quelque part dans l'Est de l'Europe, se tiennent les villes rivales de Beszel et Ul-Qoma. Bien qu'elles soient étrangères l'une à l'autre, leur tissu urbain est si entremêlé que les rues commencent à Beszel et finissent à Ul-Qoma. Lorsque l'inspecteur Borlú, de Beszel, doit élucider le crime sordide d'une étudiante américaine d'Ul-Qoma, il sait que l'affaire se complique car la victime n'est pas de sa juridiction. Le cas devrait être confié aux agents de la « Brèche », une police chargée des affaires dépendant des juridictions des deux villes et aux pouvoirs illimités. Néanmoins, Borlú, qui n'a pas les moyens d'enquêter légalement dans l'autre ville, n'est pas dessaisi du dossier et devine qu'un influent homme politique tente ainsi de le faire échouer. La victime, Mahalia, était étudiante en archéologie et participait à des fouilles. Mais elle effectuait aussi secrètement des recherches sur Orsiny, la cité légendaire des Illuminati qui se situerait entre Beszel et Ul-Qoma. Borlú découvrira-t-il la vérité alors que les morts étranges se succèdent ?",,,,,478,,fr,,,,,,,,,"Miéville,China",,,,Pocket,Fiction;Uchronie,Société contrôlée|||#FF375F;Uchronie |||#8E8E93,to-read,,
2024-10-15,2024-10-15,525ECB0B-CD41-4560-A963-8EC6CDE3D8B6,sCAWAQAAIAAJ,GOOGLE_BOOKS,They Came Before Columbus,The African Presence in Ancient America,http://books.google.fr/books?id=sCAWAQAAIAAJ&hl=&source=gbs_api,WISHLIST,EBOOK,0812968174,9780812968170,2003-09-23,,,,,"“A landmark . . . brilliantly [demonstrates] has that there is far more to black history than the slave trade.”—John A. Williams
 
They Came Before Columbus reveals a compelling, dramatic, and superbly detailed documentation of the presence and legacy of Africans in ancient America. Examining navigation and shipbuilding; cultural analogies between Native Americans and Africans; the transportation of plants, animals, and textiles between the continents; and the diaries, journals, and oral accounts of the explorers themselves, Ivan Van Sertima builds a pyramid of evidence to support his claim of an African presence in the New World centuries before Columbus.
 
Combining impressive scholarship with a novelist’s gift for storytelling, Van Sertima re-creates some of the most powerful scenes of human history: the launching of the great ships of Mali in 1310 (two hundred master boats and two hundred supply boats), the sea expedition of the Mandingo king in 1311, and many others. In They Came Before Columbus, we see clearly the unmistakable face and handprint of black Africans in pre-Columbian America, and their overwhelming impact on the civilizations they encountered.",http://books.google.com/books/content?id=sCAWAQAAIAAJ&printsec=frontcover&img=1&zoom=1&imgtk=AFLRE70G6Wh3momzTTGcuUJ9DY7XmsyYWAtgzldSQfaMXMG4zjzpuLNmJyHeDxYTMb7Tf-CzfTXvqRq_lagxhLvCkED11ottCl-sBB664QXGDQF-g2L1vhHr90NTFYoLpZLCVTbjz9nG&fife=w1000-h1000,http://books.google.com/books/content?id=sCAWAQAAIAAJ&printsec=frontcover&img=1&zoom=1&imgtk=AFLRE70G6Wh3momzTTGcuUJ9DY7XmsyYWAtgzldSQfaMXMG4zjzpuLNmJyHeDxYTMb7Tf-CzfTXvqRq_lagxhLvCkED11ottCl-sBB664QXGDQF-g2L1vhHr90NTFYoLpZLCVTbjz9nG&fife=w1000-h1000,1.0,,336,,en,,,,,,,,,"Sertima,Ivan Van",,,,Random House Publishing Group,Documentaire;Ethnic Studies;Social Science,Colonisation|||#6D7CFF;Culture afro|||#FF9230,unread,,
2024-10-17,2024-10-17,08522716-7694-497C-B13E-DFA021BEFE54,cbWvEAAAQBAJ,GOOGLE_BOOKS,Tokyo Détective,,http://books.google.fr/books?id=cbWvEAAAQBAJ&hl=&source=gbs_api,WISHLIST,EBOOK,2381344187,9782381344188,2023-03-29,,,,,"Après avoir fait tomber un des plus grands parrains de la mafia japonaise, l'ancien journaliste d'investigation Jake Adelstein s'est reconverti en détective privé, traquant les yakuzas devenus hommes d'affaires. Mais lorsqu'en 2011 la catastrophe de Fukushima s'abat sur le Japon, elle vient ébranler ses convictions les plus profondes : le mal est tombé là où il ne s'attendait pas et touche ses amis les plus proches. Le justicier est assailli de doutes : la vérité doit-elle être recherchée à tout prix ? Jake Adelstein va devoir décupler ses forces pour la révéler au grand jour.",http://books.google.com/books/publisher/content?id=cbWvEAAAQBAJ&printsec=frontcover&img=1&zoom=1&imgtk=AFLRE71mkgXC9Q8xEtp3IX5XZlrJl3IqCWS0AGMqCaS7QPgy6Kr-LHPmim7rP2_XicVKIvRlsUkrsU41yOL_F9qdUtDBum_aIJkNB7YnmLEfx3HrY6qaxUtxQJWZxHVZRSqtZSrisK0H&fife=w1000-h1000,http://books.google.com/books/publisher/content?id=cbWvEAAAQBAJ&printsec=frontcover&img=1&zoom=1&imgtk=AFLRE71mkgXC9Q8xEtp3IX5XZlrJl3IqCWS0AGMqCaS7QPgy6Kr-LHPmim7rP2_XicVKIvRlsUkrsU41yOL_F9qdUtDBum_aIJkNB7YnmLEfx3HrY6qaxUtxQJWZxHVZRSqtZSrisK0H&fife=w1000-h1000,,,368,,ar,,,,Tokyo Vice,2,,,,"Adelstein,Jake",,,,Marchialy,Documentaire;Fiction,Yakuza|||#6D7CFF,unread,,
2024-10-17,2024-10-17,01D36FEC-573E-4CD2-86D2-ACDE2047C459,YgDQDwAAQBAJ,GOOGLE_BOOKS,Tokyo Vice,,http://books.google.fr/books?id=YgDQDwAAQBAJ&hl=&source=gbs_api,WISHLIST,EBOOK,,9791095582014,2020-02-05,,,,,"Quand Jake Adelstein intègre en 1993 le service Police-Justice du plus grand quotidien japonais, le Yomiuri Shinbun, il n'a que 24 ans et il est loin de maîtriser les codes de ce pays bien différent de son Missouri natal. À Tokyo, il couvre en étroite collaboration avec la police les affaires liées à la prostitution et au crime organisé. Pour cela, il n'hésite pas à s'enfoncer dans les quartiers rouges de la capitale, dans les entrailles du vice et de la décadence. Approché par les yakuzas, il devient leur interlocuteur favori tout en restant un informateur précieux pour la police. Une position dangereuse, inédite et ambivalente, aux frontières du crime, qui incite Jake Adelstein à entrer dans un jeu dont il ne maîtrise pas les règles.",http://books.google.com/books/publisher/content?id=YgDQDwAAQBAJ&printsec=frontcover&img=1&zoom=1&imgtk=AFLRE72lhLHHU14vGtKM1ZspgEPnT_JRVPbO5c3qgRVTE94owy54My5R45CECtr88i9FzMFOfMXPwL4AQjX7EZoxcTQHCqdoaMzDIa_LFu7LTygZtYPpV4Cd1i0w2Cn3NQuis_tN0tv6&fife=w1000-h1000,http://books.google.com/books/publisher/content?id=YgDQDwAAQBAJ&printsec=frontcover&img=1&zoom=1&imgtk=AFLRE72lhLHHU14vGtKM1ZspgEPnT_JRVPbO5c3qgRVTE94owy54My5R45CECtr88i9FzMFOfMXPwL4AQjX7EZoxcTQHCqdoaMzDIa_LFu7LTygZtYPpV4Cd1i0w2Cn3NQuis_tN0tv6&fife=w1000-h1000,,,480,,fr,,,,Tokyo Vice,1,,,,"Adelstein,Jake",,,,Marchialy,Documentaire;Fiction,Yakuza|||#6D7CFF,unread,,
2024-12-27,2024-12-27,57704265-61C4-4E0A-BBCC-E4D393BEAAE2,7W6KzwEACAAJ,GOOGLE_BOOKS,Tropiques toxiques,le scandale du chlordécone,http://books.google.fr/books?id=7W6KzwEACAAJ&hl=&source=gbs_api,BOOKSHELF,HARDCOVER,2365697593,9782365697590,2022-01-01,,,,,,,,,,238,,fr,2024-12-25,0,,,,,,,"Oublié,Jessica",,,,Editions Les Escales,Comics & Graphic Novels;Documentaire;Ethnic Studies,Colonisation|||#6D7CFF;Culture|||#DB34F2;Culture afro|||#FF9230,reading,2025-09-01,
2025-01-25,2025-01-30,890BFF9E-893F-4189-ABE6-D387EBEF5D84,ZaCgEAAAQBAJ,GOOGLE_BOOKS,Ubik,,http://books.google.fr/books?id=ZaCgEAAAQBAJ&hl=&source=gbs_api,BOOKSHELF,PAPERBACK,2290389013,9782290389010,,,,,,"La florissante agence anti-psi Runciter & Associés protège ses clients contre toute intrusion psychique. Mais lors d’une mission sur Luna, ses meilleurs éléments sont victimes d’un attentat à la bombe orchestré par une agence rivale. Glen Runciter est aussitôt placé en semi-vie. Rapidement, Joe Chip et les autres survivants sont témoins de phénomènes étranges : le visage de leur patron apparaît sur les billets de banque, les cigarettes n’ont plus aucun goût, la technologie semble régresser. Et un produit nommé Ubik, qui possède de curieuses propriétés, surgit aux moments les plus opportuns...",http://books.google.com/books/publisher/content?id=ZaCgEAAAQBAJ&printsec=frontcover&img=1&zoom=1&imgtk=AFLRE7000zinZzR90rEUpmfnuytwdoePkLRb7HQgFZaQcBMA7zwt2m15tafmF2HYqz3NIzyZrh4QuYdjATlOFT6oB34oJlKqD0fsGR705CEedBDL4oo4j3b3cteexy1rnBCftbHWMIu7&fife=w1000-h1000,http://books.google.com/books/publisher/content?id=ZaCgEAAAQBAJ&printsec=frontcover&img=1&zoom=1&imgtk=AFLRE7000zinZzR90rEUpmfnuytwdoePkLRb7HQgFZaQcBMA7zwt2m15tafmF2HYqz3NIzyZrh4QuYdjATlOFT6oB34oJlKqD0fsGR705CEedBDL4oo4j3b3cteexy1rnBCftbHWMIu7&fife=w1000-h1000,,4.539105719028238,318,,fr,2025-01-25,0,,,,,,,"Dick,Philip K.",,,,J'ai Lu,Science Fiction,,read,2025-01-27,2025-01-30